COMPANY_NAME,REGISTERED_STATE,INDUSTRY,EMAIL_ADDR
"AMERICAN EXPRESS INTERNATIONAL BANKING CORPN.,  ",Maharashtra,"Agriculture & allied",
"WARNER BROS.(FE) INC.   ",Maharashtra,"Agriculture & allied",Denzil.Dias@warnerbros.com
"JP MORGAN CHASE BANK N.A.   ",Maharashtra,"Agriculture & allied",india_cs@jpmorgan.com
"MUFG Bank Ltd.   ",Maharashtra,"Agriculture & allied",hemant_kothari@in.mufg.jp
"SONY PICTURES RELEASING OF INDIA LIMITED   ",Maharashtra,"Agriculture & allied",Manoj_Khatri@spe.sony.com
"JOHN WYETH & BROTHER LIMITED   ",Maharashtra,"Agriculture & allied",prajeet.nair@pfizer.com
"ITALIA MARITTIMA S.P.A   ",Maharashtra,"Agriculture & allied",vineshshah@evergreen-shipping.co.in
"CITI BANK N.A.,   ",Maharashtra,"Agriculture & allied",cbnasecretarial@citi.com
"STANDARD CHARTERED BANK LIMITED   ",Maharashtra,"Agriculture & allied",zarin.daruwala@sc.com
"MITSUI BANK LTD.,FORMERLY MITSU TOYO KOBE BANK (NOW SAKURA BANK LTD)  ",Maharashtra,"Agriculture & allied",
"C E INTERNATIONAL INC   ",Maharashtra,"Agriculture & allied",
"BANK OF AMERICA N.A.   ",Maharashtra,"Agriculture & allied",dg.secretarial@baml.com
"KUWAIT AIRWAYS COMPANY   ",Maharashtra,"Agriculture & allied",delkaku@kuwaitairways.com
"CATHAY PACIFIC AIRWAYS LTD,   ",Maharashtra,"Agriculture & allied",bomsgd@cathaypacific.com
"BNP PARIBAS   ",Maharashtra,"Agriculture & allied",k.ramachandar@asia.bnpparibas.com
"SOCIETE INTERNATIONAL DE TELECOMMUNICATION AURONATUIQUE  ",Maharashtra,"Agriculture & allied",d.suri@psalegal.com
"SINGAPORE AIRLINES LTD   ",Maharashtra,"Agriculture & allied",Ninaz_Panthaky@Singaporeair.com.sg
"BUREAU VERITAS   ",Maharashtra,"Agriculture & allied",industry.mumcin@in.bureauveritas.com
"RAYCHEM LIMITED   ",Maharashtra,"Agriculture & allied",
"M FABRIKANT AND SONS INC   ",Maharashtra,"Agriculture & allied",richarddsilva@gmail.com
"QANTAS AIRWAYS LIMITED   ",Maharashtra,"Agriculture & allied",swati.khurana@qantas.com.au
"EUROPEON ASIAN BANK,(NOW DEUTSCHE BANK (ASIA)  ",Maharashtra,"Agriculture & allied",
"CREDIT AGRICOLE CORPORATE AND INVESTMENT BANK  ",Maharashtra,"Agriculture & allied",loic.borrey@ca-cib.com
"BANK OF OMAN LTD,   ",Maharashtra,"Agriculture & allied",
"RICHARDS HOGG LINDLEY (INDIA) LIMITED   ",Maharashtra,"Agriculture & allied",Stephen.Fernandes@ctplc.com
"ETHIOPIAN AIRLINES GROUP   ",Maharashtra,"Agriculture & allied",Tadesset@ethiopianairlines.com
"BANK OF CREDIT & COMMERCE INTERNATIONAL(OVERSEAS) LTD.,  ",Maharashtra,"Agriculture & allied",
"Abu Dhabi Commercial Bank PJSC   ",Maharashtra,"Agriculture & allied",malay.kumar@in.adcb.com
"BANK OF NOVA SCOTIA,   ",Maharashtra,"Agriculture & allied",reg.reporting@scotiabank.com
"SOCIETE GENERAL   ",Maharashtra,"Agriculture & allied",ramanathan.s@socgen.com
"PARAS DIAMOND CORPORATION   ",Maharashtra,"Agriculture & allied",brmaniar.co@gmail.com
"BARD INTERNATIONAL INC   ",Maharashtra,"Agriculture & allied",
"ISHIHARA TECHNO CORPORATION   ",Maharashtra,"Agriculture & allied",anjaliabhijith@yahoo.com
"HALLIBURTON OFFSHORE SERVICES INC   ",Maharashtra,"Agriculture & allied",INFO@NANGIA.COM
"BARCLAYS BANK PLC.   ",Maharashtra,"Agriculture & allied",mumbaifinance@barclays.com
"MIZUHO BANK LIMITED   ",Maharashtra,"Agriculture & allied",rajesh@bilimoriamehta.com
"DEUTSCHE BANK A.G.   ",Maharashtra,"Agriculture & allied",finance.regulatory@db.com
"DELTA AIRLINES INC   ",Maharashtra,"Agriculture & allied",Ashish.G.Peshawaria@delta.com
"GAIA SHIP MANAGEMENT AS   ",Maharashtra,"Agriculture & allied",anilca1@vsnl.com
"CHARLAS WOLF AND SONS INC   ",Maharashtra,"Agriculture & allied",
"MCKINSEY & CO. INC   ",Maharashtra,"Agriculture & allied",raman.sharma@azbpartners.com
"ODFJELL SE   ",Maharashtra,"Agriculture & allied",Sujata.Shetty@odfjell.com
"TELERATE ASIA PACIFIC S PVT LTD   ",Maharashtra,"Agriculture & allied",
"POWERGEN PLC   ",Maharashtra,"Agriculture & allied",
"SAI GLOBAL PTY LIMITED   ",Maharashtra,"Agriculture & allied",gg_ramnani@yahoo.in
"WEMEX HANDEL GMBH   ",Maharashtra,"Agriculture & allied",
"W.L.GORE & ASSOCIATES (PACIFIC) PTE LTD.   ",Maharashtra,"Agriculture & allied",rsachdev@wlgore.com
"INTERROCK COMPANY LIMITED   ",Maharashtra,"Agriculture & allied",
"DIA DEB INTERNATIONAL INC   ",Maharashtra,"Agriculture & allied",HiteshS@ZamirLLC.com
"TRIMET TRADING CORPORATION.   ",Maharashtra,"Agriculture & allied",
"AB BANK LIMITED   ",Maharashtra,"Agriculture & allied",mumbai@abbl.com
"INTERNATIONAL AIR TRANSPORT ASSOCIATION   ",Maharashtra,"Agriculture & allied",dcruzr@iata.org
"AMERICAN AIRLINES INC   ",Maharashtra,"Agriculture & allied",
"BG EXPLORATION AND PRODUCTION INDIA LIMITED  ",Maharashtra,"Agriculture & allied",Allen.Andrade@shell.com
"SHINHAN BANK   ",Maharashtra,"Agriculture & allied",compliance.ind@shinhan.com
"MURTA MACHINERY LTD   ",Maharashtra,"Agriculture & allied",
"NIKKO INDUSTRY CO LTD   ",Maharashtra,"Agriculture & allied",
"DAELIM CORPORATION LTD   ",Maharashtra,"Agriculture & allied",
"HONEYWELL INTERNATIONAL FINANCE CORPORATION  ",Maharashtra,"Agriculture & allied",nsridhar@deloitte.com
"THE ASHAI BANK LTD.   ",Maharashtra,"Agriculture & allied",
"SUMITOMO MITSUI BANKING CORPORATION   ",Maharashtra,"Agriculture & allied",
"CARDEX SERVICE INDIA LTD   ",Maharashtra,"Agriculture & allied",
"THE TORENTO DONION BANK   ",Maharashtra,"Agriculture & allied",
"DYWIDAG INTERNATIONAL GMBH   ",Maharashtra,"Agriculture & allied",
"SOMPO JAPAN NIPPONKOA INSURANCE INC   ",Maharashtra,"Agriculture & allied",pradeep@bilimoriamehta.com
"EL AL ISREAL AIRLINES LIMITED   ",Maharashtra,"Agriculture & allied",errolb@elal.co.il
"FUJITEC SINGAPORE CORPORTION LIMITED   ",Maharashtra,"Agriculture & allied",
"VOTECH INC   ",Maharashtra,"Agriculture & allied",
"THE SUMITOMO MARINE AND FIRE INSURANCE COMPANY LIMITED  ",Maharashtra,"Agriculture & allied",
"PEARSON EDUCATION SOUTH ASIA PTE LIMITED   ",Maharashtra,"Agriculture & allied",vijay.chettiyar@pearson.com
"TAKAROKU SHOJI COMPANY LIMITED   ",Maharashtra,"Agriculture & allied",rajesh@bilimoriamehta.com
"SMIPEM U K LIMITED   ",Maharashtra,"Agriculture & allied",
"TAKASAGO INTERNATIONAL CORPORATION   ",Maharashtra,"Agriculture & allied",
"KT- Kinetics Technology S.p.A.   ",Maharashtra,"Agriculture & allied",info@kt-met.it
"SAS INSTITATE INC   ",Maharashtra,"Agriculture & allied",
"THE TOKAI BANK LIMITED   ",Maharashtra,"Agriculture & allied",
"FEDERAL EXPRESS CORPN   ",Maharashtra,"Agriculture & allied",mpillai@fedex.com
"BAKER HUGHES SINGAPORE PTE LTD   ",Maharashtra,"Agriculture & allied",manish-kumar.yadav@ge.com
"DEUTZ A G   ",Maharashtra,"Agriculture & allied",
"JOHSON CONTROLS S PTE LTD   ",Maharashtra,"Agriculture & allied",
"WEST MERCHANT BANK LIMITED   ",Maharashtra,"Agriculture & allied",
"WESTERN UNION FINANCIAL SERVICES INC   ",Maharashtra,"Agriculture & allied",
"M I OVERSEAS LTD   ",Maharashtra,"Agriculture & allied",vmadaan@slb.com
"PAN KOREA INTERNATIONAL COMPANY LIMITED   ",Maharashtra,"Agriculture & allied",
"NORTON HEALTHCARE LIMITED   ",Maharashtra,"Agriculture & allied",
"TMI TELEMEDIA INTERNATIONAL HONGKONG LTD   ",Maharashtra,"Agriculture & allied",
"BF GOODRICH PERFORMANCE MATERIALS ASIA PACIFIC LTD  ",Maharashtra,"Agriculture & allied",
"MRGAN GUARANTY TRUST COMPANY OF NEW YORK   ",Maharashtra,"Agriculture & allied",
"HYUNDAI ENGINEERING CO LIMITED   ",Maharashtra,"Agriculture & allied",
"BORANGE PTE LTD   ",Maharashtra,"Agriculture & allied",
"USINOR   ",Maharashtra,"Agriculture & allied",
"ALLEGHENY TECHNOLOGIES ASIA INC.   ",Maharashtra,"Agriculture & allied",jkarlekar@alleghenytechnologies.com
"BALLAST NADAM DREDGING   ",Maharashtra,"Agriculture & allied",
"LOTTE TRADING CO LTD   ",Maharashtra,"Agriculture & allied",
"THOMSON ASIA PRIVATE LIMITED   ",Maharashtra,"Agriculture & allied",
"FOXBORO AUSTRALIA PTY LTD   ",Maharashtra,"Agriculture & allied",
"FIAT GE V A SP A   ",Maharashtra,"Agriculture & allied",
"N V K LINE 1993 S PTE LTD   ",Maharashtra,"Agriculture & allied",
"ARABIAN JACKING ENTERPRISES FOR CONTRCTING AND TRADING CO  ",Maharashtra,"Agriculture & allied",
"GREAT LAKES DREDGE AND DOCK COMPANY   ",Maharashtra,"Agriculture & allied",
"SILICA INFOTECH   ",Maharashtra,"Agriculture & allied",
"D Z BANK   ",Maharashtra,"Agriculture & allied",anupam.chaturvedi@dzbank.de
"OMAN AIR S.A.O.C.   ",Maharashtra,"Agriculture & allied",ganesh@omanair.aero
"CUNO FILTERATION ASIA PTE LTD   ",Maharashtra,"Agriculture & allied",
"ARMACELL U K LIMITED   ",Maharashtra,"Agriculture & allied",
"ARJO WIGGINS FINE PAPERS LIMITED   ",Maharashtra,"Agriculture & allied",
"THOMSON BROADCAST SYSTEMS   ",Maharashtra,"Agriculture & allied",
"PATI SDN BHD   ",Maharashtra,"Agriculture & allied",
"FERRING PHARMACEUTICALS B V   ",Maharashtra,"Agriculture & allied",yogesh.sovani@ysa.in
"ROYAL CANIN S A   ",Maharashtra,"Agriculture & allied",
"TREND MICRO INCORPORATED   ",Maharashtra,"Agriculture & allied",
"MCAFEE (SINGAPORE) PTE.LTD.   ",Maharashtra,"Agriculture & allied",
"FINAVAL SPA   ",Maharashtra,"Agriculture & allied",
"FLODAC B V   ",Maharashtra,"Agriculture & allied",
"GEORG FISCHER PIPING SYSTEMS LIMITED   ",Maharashtra,"Agriculture & allied",
"SINGAPORE AIRLINES CARGO PVT LTD   ",Maharashtra,"Agriculture & allied",Regina_Monteiro@Singaporeair.com.sg
"ISP INTERNATIONAL CORPORATION   ",Maharashtra,"Agriculture & allied",
"COMPAGNIE FRANCAISE D ASSURANCE POUR LECOMMERCE EXTERIEUR COFACE  ",Maharashtra,"Agriculture & allied",
"MASHREQ BANK PSC   ",Maharashtra,"Agriculture & allied",ksrama@mashreqbank.com
"BJ SERVICES CO MIDDLE EAST LTD   ",Maharashtra,"Agriculture & allied",manish-kumar.yadav@ge.com
"CLICQUOT ASIA LIMITED   ",Maharashtra,"Agriculture & allied",
"ITOCHU PETROLEUM CO SINGAPORE PTE LTD   ",Maharashtra,"Agriculture & allied",srikanth@itochu.co.in
"LG PHILLIPS DISPLAYS SINGAPORE PTE LTD.   ",Maharashtra,"Agriculture & allied",
"ALLIANZ SE   ",Maharashtra,"Agriculture & allied",tapan.singhel@bajajallianz.co.in
"PER-AARSLEFF ALS   ",Maharashtra,"Agriculture & allied",
"KOLNISCHE ROUCKVERSICHERUYS GERUPEHAFT A G  ",Maharashtra,"Agriculture & allied",
"BONAS MACHINE COMPANY LIMITED   ",Maharashtra,"Agriculture & allied",
"AVENTIS CROP SCIENCE GMBH   ",Maharashtra,"Agriculture & allied",
"KUWAIT PETROLEUM CORPN FAR EAST   ",Maharashtra,"Agriculture & allied",aarif@kpcim.in
"BAYCRUISCH VEREINSBANK AG   ",Maharashtra,"Agriculture & allied",
"ABB LUMMUS CREST LIMITED   ",Maharashtra,"Agriculture & allied",
"VIMALAR GLOBAL TRADE PTE LTD   ",Maharashtra,"Agriculture & allied",
"ZUMBACH ELECTRONIC AG   ",Maharashtra,"Agriculture & allied",
"BAKER HUGHES ASIA PACIFIC LIMITED   ",Maharashtra,"Agriculture & allied",manish-kumar.yadav@ge.com
"VAN OORD DREDGING AND MARINE CONTRACTORS B.V.,  ",Maharashtra,"Agriculture & allied",nsr@vanoord.com
"DREW AMEROID (SINGAPORE) PTE LTD   ",Maharashtra,"Agriculture & allied",dilipladdha@yahoo.com
"METSA BOARD SINGAPORE PTE. LTD.   ",Maharashtra,"Agriculture & allied",RAMESH.GONDE@METSAGROUP.COM
"XXENTRIA TECHNOLOGY MATERIALS CO LIMITED   ",Maharashtra,"Agriculture & allied",hathiyari@hathiyari.com
"AON INDIA LTD   ",Maharashtra,"Agriculture & allied",
"ANGERLEHNER HOCH-UND TIEFBAUGESSELLSCHAFT MBH  ",Maharashtra,"Agriculture & allied",
"JOINT VENTURE ANGERLEHNER -MICHEL BAU GMBH  ",Maharashtra,"Agriculture & allied",
"KRUNG THAI BANK PUBLIC COMPANY LIMITED   ",Maharashtra,"Agriculture & allied",ktbmbin@vsnl.com
"BINNIE AND PARTNERS OVERSEAS LIMITED   ",Maharashtra,"Agriculture & allied",
"IDH DIAMONDS   ",Maharashtra,"Agriculture & allied",
"SYMENTEC LIMITED   ",Maharashtra,"Agriculture & allied",
"GEOSERVICES S A   ",Maharashtra,"Agriculture & allied",
"LINDAUER DORNIER GESSELLSCHAFT MBH   ",Maharashtra,"Agriculture & allied",
"BRIGGS AND STRATTON A G   ",Maharashtra,"Agriculture & allied",alok@vaishlaw.com
"UNION BANK OF SWITZERLAND   ",Maharashtra,"Agriculture & allied",
"OVERSEA CHINESE BANKING CORPO0RATION LIMITED  ",Maharashtra,"Agriculture & allied",
"SWISS INTERNATIONAL AIR LINES LIMITED   ",Maharashtra,"Agriculture & allied",rppuri@hotmail.com
"COURTLAUDS FIBRES HOLDINGS LIMITED   ",Maharashtra,"Agriculture & allied",
"THE SIAM COMMERCIAL BANK   ",Maharashtra,"Agriculture & allied",
"KUSTERS ENGINEERINGG BV   ",Maharashtra,"Agriculture & allied",sunita.sankar@kusters.in
"MUNCHENER RUCKVERSICHERUNGS GESELLSCHAFT   ",Maharashtra,"Agriculture & allied",dchakraborty@munichre.com
"KENKO COMMERCE AND COMPANY LIMITED   ",Maharashtra,"Agriculture & allied",bagchi.dd@kenkoindia.com
"OXBOW ENERGY SOLUTIONS B.V.   ",Maharashtra,"Agriculture & allied",jay.durge@oxbow.com
"CEDIT LYONNAIS   ",Maharashtra,"Agriculture & allied",
"SQM EUROPE N V   ",Maharashtra,"Agriculture & allied",sqmindia@vsnl.net
"PETROM S A   ",Maharashtra,"Agriculture & allied",
"GENECOR INTERNATIONAL ASIA PACIFIC PTE LIMITED  ",Maharashtra,"Agriculture & allied",
"DBS BANK LTD   ",Maharashtra,"Agriculture & allied",GpFin-India@1bank.dbs.com
"RGA REINSURANCE COMPANY   ",Maharashtra,"Agriculture & allied",
"KLEINWORT BENSON LIMITED   ",Maharashtra,"Agriculture & allied",
"BLACK & VEATCH INTERNATIONAL LTD   ",Maharashtra,"Agriculture & allied",GadaD@bv.com
"WORLD TANKERS MANAGEMENT PTE LIMITED   ",Maharashtra,"Agriculture & allied",nirmala@wtmindia.com
"RBF RIG CORPORATION   ",Maharashtra,"Agriculture & allied",Sunil.Khare@deepwater.com
"Chubb INA Holdings Inc.   ",Maharashtra,"Agriculture & allied",pushpa.ramesh@acegroup.com
"SAMUEL AARON INC   ",Maharashtra,"Agriculture & allied",rameshi@saaron.com
"ANDEL JEWELRY CORPPORATION   ",Maharashtra,"Agriculture & allied",
"UMICORE MARKETING SERVICES SA/NV   ",Maharashtra,"Agriculture & allied",
"ENERGY CROSSROADS   ",Maharashtra,"Agriculture & allied",
"ZURICH INSURANCE GROP   ",Maharashtra,"Agriculture & allied",
"KOMSTAR TECHNOLOGY PTE LIMITED   ",Maharashtra,"Agriculture & allied",
"GLOBE EXPRESS SERVICES SARL GES   ",Maharashtra,"Agriculture & allied",
"SUNDOWNER OFFSHORE INTERNATIONAL BERMUDA LIMITED  ",Maharashtra,"Agriculture & allied",
"COMMERZ BANK A G   ",Maharashtra,"Agriculture & allied",
"TAL IINTERNATIONAL CONTAINER CORPORATION   ",Maharashtra,"Agriculture & allied",pritik@augustconsultingindia.com
"EVERGREEN MARINE CORPORATION TAIWAN LIMITED  ",Maharashtra,"Agriculture & allied",
"HELUKABEL GMBH   ",Maharashtra,"Agriculture & allied",
"SOFTBRIDGE SOLUTIONS PTE LIMITED   ",Maharashtra,"Agriculture & allied",appande@gmail.com
"TTS HANDLING SYSTEMS AS   ",Maharashtra,"Agriculture & allied",BA.Alert@skpgroup.com
"BANK OF BAHRAIN AND KUWAIT   ",Maharashtra,"Agriculture & allied",fincon@bbkindia.com
"ANSALDO THOMASSEN BV.   ",Maharashtra,"Agriculture & allied",rmbutani@gmail.com
"JARDINE MATHESON LIMITED   ",Maharashtra,"Agriculture & allied",
"ADVANIDE PTE LTD   ",Maharashtra,"Agriculture & allied",rajesh.tawde@advanide.com
"EMIRATES NATIONAL OIL CO SINGAPORE PTE LTD  ",Maharashtra,"Agriculture & allied",
"LBM COLLECTION LEDERWAREN GMBH   ",Maharashtra,"Agriculture & allied",
"SEPCO ELECTRIC POWER CONSTRUCTION CORPN   ",Maharashtra,"Agriculture & allied",zn@sepco1.com
"CRI CRITERIAN MARKETING ASIA PACIFIC PTE LIMITED  ",Maharashtra,"Agriculture & allied",bwbadhan@gmail.com
"PT Bank Maybank Indonesia TBK   ",Maharashtra,"Agriculture & allied",Zengineer@bankbii.com
"DOLPHIN DRILLING LIMITED   ",Maharashtra,"Agriculture & allied",sajit.nanda@dolphin-doc.no
"SILICON APPLICATION PTE LIMITED   ",Maharashtra,"Agriculture & allied",
"TRANSOCEAN DISCOVERER 534 LLC   ",Maharashtra,"Agriculture & allied",Sunil.Khare@deepwater.com
"SATISLOH AG   ",Maharashtra,"Agriculture & allied",yeolekarassociates@gmail.com
"BRITISH MARINE PLC   ",Maharashtra,"Agriculture & allied",
"RIO TINTO DIAMONDS NV   ",Maharashtra,"Agriculture & allied",vivek.naik@riotinto.com
"JOHN BEAN TECHNOLOGIES HONGKONG LIMITED   ",Maharashtra,"Agriculture & allied",Subramanian.Nv@JBTC.COM
"WORLDWIDE SHIPPING MANAGERS PTE LIMITED   ",Maharashtra,"Agriculture & allied",
"GOLTENS COMPANY LIMITED   ",Maharashtra,"Agriculture & allied",sekhri@skaindia.in
"TIDEWATER MARINE INTERNATIONAL INC   ",Maharashtra,"Agriculture & allied",gkhandekar@tdw.com
"TRANSOCEAN OFFSHORE DEEPWATER DRILLING INC  ",Maharashtra,"Agriculture & allied",info@nangia.com
"WORLDWIDE SHIPPING AGENCY PTE LTD   ",Maharashtra,"Agriculture & allied",
"NYK SHIPMANAGEMENT PTE LIMITED   ",Maharashtra,"Agriculture & allied",girish.mandlik@nykgroup.com
"HKS DESIGNER & CONSULTANT INTERNATIONALCO LTD  ",Maharashtra,"Agriculture & allied",
"WT MICROELECTRONICS SINGAPORE PTE. LTD.   ",Maharashtra,"Agriculture & allied",gokhaleconsultancy@gmail.com
"ISP HONGKONG LIMITED   ",Maharashtra,"Agriculture & allied",spillutla@ispcorp.com
"B AND H FOTO AND ELECTRONICS CORPORATION   ",Maharashtra,"Agriculture & allied",
"SOCIETE DES MARCHES EXTEREIURS SOCIETE ANNOYME  ",Maharashtra,"Agriculture & allied",hineshdoshi@gmail.com
"SHELF DRILLING INTERNATIONAL INC.   ",Maharashtra,"Agriculture & allied",dltaxation.india@shelfdrilling.com
"FEI ASIA CORPORATION   ",Maharashtra,"Agriculture & allied",sharadjoshi10@gmail.com
"PHONAK AG   ",Maharashtra,"Agriculture & allied",pawan.nathani@phonak.com
"RANDB FALCON (A) PTY LIMITED   ",Maharashtra,"Agriculture & allied",Sunil.Khare@deepwater.com
"SUNSHIP MARINE LIMITED   ",Maharashtra,"Agriculture & allied",kadam@msishipsindia.com
"INTERWOVEN INC   ",Maharashtra,"Agriculture & allied",kalyan.kumar2@microfocus.com
"NTT COMMUNICATIONS CORPORATION   ",Maharashtra,"Agriculture & allied",
"MANDR CONSULTANTS CORPORATION   ",Maharashtra,"Agriculture & allied",
"PACKETEER ASIA PACIFIC LIMITED   ",Maharashtra,"Agriculture & allied",corporate.governance@radiusww.com
"THAI SENG TRADING COMPANY LIMITED   ",Maharashtra,"Agriculture & allied",suzuki@thaiseng.co.jp
"BUSINESS OBJECTS ASIA PACIFIC PTE LTD   ",Maharashtra,"Agriculture & allied",
"WWP INDIA LIMITED   ",Maharashtra,"Agriculture & allied",
"MG ROVER GROUP LTD   ",Maharashtra,"Agriculture & allied",
"SMITH INTERNATIONAL INC   ",Maharashtra,"Agriculture & allied",info@Nangia.com
"EXPRO GULF LIMITED   ",Maharashtra,"Agriculture & allied",L.Bala@Exprogroup.com
"DE DIETRICH PROCESS SYSTEMS   ",Maharashtra,"Agriculture & allied",
"DNV GL AS   ",Maharashtra,"Agriculture & allied",jayshree.prajapati@dnvgl.com
"DANONE IMPORTED WATERS ASIA PTE LTD   ",Maharashtra,"Agriculture & allied",
"TRANSOCEAN OFFSHORE INTERNTIONAL VENTURES LIMITED  ",Maharashtra,"Agriculture & allied",Sunil.Khare@deepwater.com
"REFLECTING CONCEPTS INC   ",Maharashtra,"Agriculture & allied",
"FRMPROJECTS SOCIEDAD ANONIMA   ",Maharashtra,"Agriculture & allied",
"BESPAK EUROPE LIMITED   ",Maharashtra,"Agriculture & allied",admin@gadreandbal.com
"STORK ENGINEERS AND CONTRACTORS B V   ",Maharashtra,"Agriculture & allied",
"FRANK'S INTERNATIONAL ITL LTD.   ",Maharashtra,"Agriculture & allied",tkfj49@hotmail.com
"DIAMOND OFFSHORE DRILLING LIMITED   ",Maharashtra,"Agriculture & allied",
"UNID GLOBAL CORPORATION   ",Maharashtra,"Agriculture & allied",sj.lee@unidcorp.co.kr
"TELECOM ITALIA SPARKLE S P A   ",Maharashtra,"Agriculture & allied",vinod.hingorani@telecomitaliasparkle.com
"IRANIAN OFFSHORE ENGINEERING AND CONSTRUCTION COMPANY  ",Maharashtra,"Agriculture & allied",
"TANDEM COMPUTERS INDIA LIMITED   ",Maharashtra,"Agriculture & allied",
"SANYO CHEMICAL INDUSTRIES LIMITED   ",Maharashtra,"Agriculture & allied",INFO@UDF.CO.IN
"BYK ASIA PACIFIC PTE LTD   ",Maharashtra,"Agriculture & allied",VinayakPrabhakar.Gramopadhye@altana.com
"ASUSTEK COMPUTER INC   ",Maharashtra,"Agriculture & allied",cahjmehta@gmail.com
"CHECKPOINTSYSTEMS HONG KONG LIMITED]   ",Maharashtra,"Agriculture & allied",
"THAICIL LIMITED   ",Maharashtra,"Agriculture & allied",
"GLANDV SWEDEN AB   ",Maharashtra,"Agriculture & allied",
"J M P LIMITED   ",Maharashtra,"Agriculture & allied",
"SINGAPORE ECONOMIC DEVELOPMENT BOARD   ",Maharashtra,"Agriculture & allied",Jasper_ANG@edb.gov.sg
"NEWSCO DIRECTIONAL AND HORIZONTAL DRILLING SERVICES INC  ",Maharashtra,"Agriculture & allied",vbukalsaria@hotmail.com
"SCOPUS VIDEO NETWORK LIMITED   ",Maharashtra,"Agriculture & allied",StalinJekash.Simson@harmonicinc.com
"INTERNATIONAL TECHNOLOGY TRANSFER CORPORATION  ",Maharashtra,"Agriculture & allied",shailee.vishal@gmail.com
"TOSHIBA TECHNICAL SERVICES INTERNATIONAL CORPORATION JAPAN  ",Maharashtra,"Agriculture & allied",devaki.kalamkar@kalamkarassociates.net
"HAN'S LASER TECHNOLOGY INDUSTRY GROUP CO. LTD.  ",Maharashtra,"Agriculture & allied",yanghao@hanslaser.com
"REALIZATION TECHNOLOGIES INC   ",Maharashtra,"Agriculture & allied",
"WEATHERFORD OIL TOOL MIDDLE EAST LIMITED   ",Maharashtra,"Agriculture & allied",vikas.chandak@weatherford.com
"SOFEENE YARN PTE LIMITED   ",Maharashtra,"Agriculture & allied",
"KEPCO PLANT SERVICE & ENGINEERING CO. LTD  ",Maharashtra,"Agriculture & allied",pphszard@kps.co.kr
"ABSOLUTE INTERNATIONAL HOLDING LIAISON OFFICE  ",Maharashtra,"Agriculture & allied",satyajitmishra_cs@rediffmail.com
"ADI CENTER S L   ",Maharashtra,"Agriculture & allied",robert.p@rpacs.in
"CGG Services SAS   ",Maharashtra,"Agriculture & allied",ravichandra.acharya@CGG.com
"PGS EXPLORATIONJ UK LIMITED   ",Maharashtra,"Agriculture & allied",
"N V BONAS TEXTILE MACHINERY   ",Maharashtra,"Agriculture & allied",dilipjathar@yahoo.com
"COECLERICI ASIA (PTE) LTD.   ",Maharashtra,"Agriculture & allied",rrajconsultants@yahoo.com
"BMDI PTY LTD   ",Maharashtra,"Agriculture & allied",
"STANDARD TEXTILE CO INC   ",Maharashtra,"Agriculture & allied",ntaylor@standardtextile.com
"SHAH SAFARI INC   ",Maharashtra,"Agriculture & allied",
"NIKORESOURCES NELPV LIMITED   ",Maharashtra,"Agriculture & allied",SANJAY@NIKOINDIA.COM
"HIDADA COMPANY LIMITED   ",Maharashtra,"Agriculture & allied",vvamin@hidada.com.sa
"TECHNIP OFFSHORE CONTRACTION BV   ",Maharashtra,"Agriculture & allied",seamec@bom5.vsnl.net.in
"ACCOUNT SOLUTIONS GROUPS LLC   ",Maharashtra,"Agriculture & allied",
"RETAIL REALM LIMITED   ",Maharashtra,"Agriculture & allied",aniruddha@retailrealm.co.uk
"SWIRE PACIFIC OFFSHORE OPERATIONS PTE LIMITED  ",Maharashtra,"Agriculture & allied",
"ORPAK SYSTEMS LIMITED   ",Maharashtra,"Agriculture & allied",alpa.gandhi@gilbarco.com
"F5 NETWORKS SINGAPORE PTE LTD.   ",Maharashtra,"Agriculture & allied",A.Ng@F5.com
"SOLENOID SINGAPORE PTE. LTD   ",Maharashtra,"Agriculture & allied",p_karyekar@yahoo.co.in
"MACSTEEL INTERNATIONAL FAR EAST LIMITED   ",Maharashtra,"Agriculture & allied",rda@mitgr.com
"MAHONEY & SOMANIA PTY. LTD.   ",Maharashtra,"Agriculture & allied",domtex@vsnl.com
"FARWIN LIMITED   ",Maharashtra,"Agriculture & allied",ksjhaveri08@gmail.com
"CHARTERED INSTITUTE FOR SECURITIES & INVESTMENT  ",Maharashtra,"Agriculture & allied",Arwa.Tapia@cisi.org
"DUFERCO ASIA PTE LTD   ",Maharashtra,"Agriculture & allied",sanjay.bhandari@dith.com
"SAMSUNG HEAVY INDUSTRIES COMPANY LIMITED   ",Maharashtra,"Agriculture & allied",jeetan.nagpal@hemantarora.in
"COMMERZBANK   ",Maharashtra,"Agriculture & allied",martin.hercules@commerzank.com
"GUANGDONG KEDA DYNAMO-ELECTRIC COMPANY LIMITED  ",Maharashtra,"Agriculture & allied",IED@KEDACHINA.COM.CN
"JEWEL AMERICA INDIA LLC   ",Maharashtra,"Agriculture & allied",rachana@sayindia.com
"JIANGYIN XING CHEN SPECIAL STEEL WORKS CO. LTD.  ",Maharashtra,"Agriculture & allied",chenying@jyxc.com
"TEKLA CORPORATION   ",Maharashtra,"Agriculture & allied",ajit.mohite@tekla.com
"HAT HOLDINGS BSC CLOSED   ",Maharashtra,"Agriculture & allied",future_intl@yahoo.co.in
"FELDER UK LTD   ",Maharashtra,"Agriculture & allied",c.shah@felder-india.com
"EROM COMPANY LIMITED   ",Maharashtra,"Agriculture & allied",
"TRANS PACIFIC RESOURCES LTD   ",Maharashtra,"Agriculture & allied",jagan1949@yahoo.com
"KROHNE OIL AND GAS B V   ",Maharashtra,"Agriculture & allied",kv@forbesmarshall.com
"NIKO (NELPIO) LIMITED   ",Maharashtra,"Agriculture & allied",SANJAY@NIKOINDIA.COM
"NIKO (NECO) LIMITED   ",Maharashtra,"Agriculture & allied",SANJAY@NIKOINDIA.COM
"ROSY BLUE INC.   ",Maharashtra,"Agriculture & allied",russell.mehta@rosyblue.com
"TSUKISHIMA KIKAI COMPANY LIMITED   ",Maharashtra,"Agriculture & allied",shinsuke.sato@yahoo.com
"USR DRILLING SERVICES CO. W.L.L.   ",Maharashtra,"Agriculture & allied",atlaseva@gmail.com
"COMMERCIAL METALS INTERNATIONAL AG   ",Maharashtra,"Agriculture & allied",rkanodia@hathway.com
"PANASONIC AVIONICS CORPORATION   ",Maharashtra,"Agriculture & allied",rao.enganti@panasonic.aero
"INTERNATIONAL TUBULARS FZE   ",Maharashtra,"Agriculture & allied",Saylee.Ghagare@parkerdrilling.com
"NATIONAL AUSTRALIA BANK LIMITED   ",Maharashtra,"Agriculture & allied",gautam.banerjee@nabasia.com
"SEPCO III ELECTRIC POWER CONSTRUCTION CORPORATION  ",Maharashtra,"Agriculture & allied",JWG@sepco3.com
"KOINS CO LTD   ",Maharashtra,"Agriculture & allied",cflima@koins21.co.kr
"SOCIETE DE FABRICATION MATY S.F.M.   ",Maharashtra,"Agriculture & allied",juilen.sfm@rediffmail.com
"ZUBLIN INTERNATIONAL GMBH   ",Maharashtra,"Agriculture & allied",ehoguz@zublin.co.in
"DNV GL SE   ",Maharashtra,"Agriculture & allied",Dipti.Thakker@dnvgl.com
"CORRIGENT SYSTEMS LTD.   ",Maharashtra,"Agriculture & allied",suhasp@corrigent.com
"AHP MANUFACTURING B. V.   ",Maharashtra,"Agriculture & allied",prajeet.nair@pfizer.com
"CHINA PETROLEUM PIPELINE BUREAU   ",Maharashtra,"Agriculture & allied",lengdongsheng@gmail.com
"TECNIMONT S.P.A.   ",Maharashtra,"Agriculture & allied",t.p.parameswaranan@ticb.com
"BEHRAN OIL COMPANY   ",Maharashtra,"Agriculture & allied",azadeh_rahmani@behranoil.com
"EPLASTICS PROCUREMENT CENTER SDN BHD   ",Maharashtra,"Agriculture & allied",
"BANCA DI ROMA   ",Maharashtra,"Agriculture & allied",fabio.lucheroni@in.bdroma.com
"MULTICONSULT LIMITED   ",Maharashtra,"Agriculture & allied",bakhs@vsnl.com
"ULTRA INDUSTRIAL AUTOMATION PRIVATE LIMITED  ",Maharashtra,"Agriculture & allied",vbala@singnet.com.sg
"GLYNWED OVERSEAS HOLDINGS LIMITED   ",Maharashtra,"Agriculture & allied",osaassociates@yahoo.co.in
"BP EXPLORATION (ALPHA) LIMITED   ",Maharashtra,"Agriculture & allied",ranjith.seetharam@se1.bp.com
"DOOSAN INFRACORE CO. LTD   ",Maharashtra,"Agriculture & allied",gera.consultant@gmail.com
"LOCK & LOCK CO. LTD   ",Maharashtra,"Agriculture & allied",gera.consultant@gmail.com
"AKER KVAERNER SUBSEA LIMITED   ",Maharashtra,"Agriculture & allied",Smriti.Vijay@akersolutions.com
"INVERTO A.G.   ",Maharashtra,"Agriculture & allied",kkhasnobis@invertoindia.com
"ILJIN ELECTRIC CO LIMITED   ",Maharashtra,"Agriculture & allied",info@iljinindia.in
"UMW PETROPIPE (L) LTD.   ",Maharashtra,"Agriculture & allied",m.mohan@umw-oil.com
"ESSAR OILFILELDS SERVICES LIMITED   ",Maharashtra,"Agriculture & allied",ananda@essar.com
"DSI CONSTRUCTORS INC.   ",Maharashtra,"Agriculture & allied",Smriti.Vijay@akersolutions.com
"MEGA LIFESCIENCES PTY LIMITED   ",Maharashtra,"Agriculture & allied",laxman@megawecare.com
"ANABEEB SERVICES CO W.L.L   ",Maharashtra,"Agriculture & allied",prc@anabeeb.net
"TITAN UMREIFUNGSTECHNIK GMBH & COMPANY KG  ",Maharashtra,"Agriculture & allied",kbanerjee@titan-schwelm.de
"SODICK SINGAPORE PTE LTD   ",Maharashtra,"Agriculture & allied",krish_atl@rediffmail.com
"GLASSTECH INC   ",Maharashtra,"Agriculture & allied",sramesh@glasstech.com
"M B PETROLEUM SERVICES LLC   ",Maharashtra,"Agriculture & allied",mbpsindiacompliance@mbpetroleum.com
"AXESSTEL INC   ",Maharashtra,"Agriculture & allied",chalapathi@axesstel.com
"HITACHI LTD.   ",Maharashtra,"Agriculture & allied",PUSHPA.HITACHI@GMAIL.COM
"SEALINK INTERNATIONAL INC.   ",Maharashtra,"Agriculture & allied",agarwalkala@gmail.com
"POWER WELL SERVICE HOLDINGS NETHERLANDSBETA BV  ",Maharashtra,"Agriculture & allied",it_concepts@sify.com
"TRIGON CHEMIE GMBH   ",Maharashtra,"Agriculture & allied",info@jpharmachem.com
"BDA PARTNERS LIMITED   ",Maharashtra,"Agriculture & allied",vvyas@bdapartners.com
"APPLIED BIOSYSTEMS INTERNATIONAL INC.   ",Maharashtra,"Agriculture & allied",Nagabushana.reddy@thermofisher.com
"UNIVERSAL TECHNICAL SERVICES INCORPORATED  ",Maharashtra,"Agriculture & allied",J.SANDIND@YAHOO.COM
"SARKU ENGINEERING SERVICES SDN.BHD.   ",Maharashtra,"Agriculture & allied",bharatkokal@gmail.com
"SICHUAN ELECTRIC POWER DESIGN & CONSULTING CO. LTD.  ",Maharashtra,"Agriculture & allied",zhangxz@scsedc.cn
"HRP ASIA PTE LIMITED   ",Maharashtra,"Agriculture & allied",slinskens@hrpasia.com.sg
"DGB EARTH SCIENCES BV   ",Maharashtra,"Agriculture & allied",india@dgbes.com
"DG GLOBAL TECHNICAL SERVICES SDN BHD   ",Maharashtra,"Agriculture & allied",agverma@yahoo.co.in
"TECHCOMP (SINGAPORE) PTE. LTD.   ",Maharashtra,"Agriculture & allied",pradeep@techcomp.com.sg
"SK NETWORKS COMPANY LIMITED   ",Maharashtra,"Agriculture & allied",bkpark1@sknetworks.co.kr
"TRANSPERFECT TRANSLATIONS INTERNATIONALINC.  ",Maharashtra,"Agriculture & allied",Muneer@legaltools.net
"GENEREX BIOTECHNOLOGY CORPORATION   ",Maharashtra,"Agriculture & allied",rsesha@nectid.com
"ASTELLAS PHARMA INC.   ",Maharashtra,"Agriculture & allied",teruo.yasufuku@jp.astellas.com
"SAUDI NATIONAL TECHNOLOGY GROUP CO. LTD.   ",Maharashtra,"Agriculture & allied",mihir.mehta@mubasher.net
"GENERAL MARITIME CREWING PTE LTD   ",Maharashtra,"Agriculture & allied",sanjeev.handa@gmmport.pt
"JGC CONSTRUCTION INTERNATIONAL PTE LTD.   ",Maharashtra,"Agriculture & allied",kagami.jun@jgc.co.jp
"WOODWARD KEMPEN GMBH   ",Maharashtra,"Agriculture & allied",heru.keswani@woodward.com
"FIRSTRAND BANK LIMITED   ",Maharashtra,"Agriculture & allied",kamini.shah@firstrand.co.in
"EARTHREACH INTERNATIONAL LIMITED   ",Maharashtra,"Agriculture & allied",pnjriches@hotmail.com
"CHARLES KENDALL FREIGHT LIMITED   ",Maharashtra,"Agriculture & allied",apillai@charleskendallfreight.com
"HELIX ENERGY SOLUTIONS GROUP INC.   ",Maharashtra,"Agriculture & allied",pradeep@babajishivram.com
"THE PARTHENON GROUP INDIA LLC   ",Maharashtra,"Agriculture & allied",Dhaval.Kapadia@Parthenon.ey.com
"XTRALIS HOLDINGS (AUST) PTY. LTD.   ",Maharashtra,"Agriculture & allied",MBoyden@xtralis.com
"GERMANISCHER LLOYD INDUSTRIAL SERVICES GMBH  ",Maharashtra,"Agriculture & allied",Dipti.Thakker@dnvgl.com
"DEDICATED MICROCOMPUTERS GROUP LIMITED   ",Maharashtra,"Agriculture & allied",ahashmi@dmicros.com
"CENWAY TECHNOLOGIES LTD   ",Maharashtra,"Agriculture & allied",preethi.cenway@gmail.com
"CVC TECHNOLOGIES INC   ",Maharashtra,"Agriculture & allied",arvind@cvcindia.com
"BANCA MONTE DEI PASCHI DI SIENA   ",Maharashtra,"Agriculture & allied",renu.raghuvanshy@mps.it
"SHANDONG ELECTRIC POWER CONSTRUCTION NO. 1 COMPANY  ",Maharashtra,"Agriculture & allied",fushenqingccpl@hotmail.com
"GUIZZETTI & ASSOCIATES LTD   ",Maharashtra,"Agriculture & allied",piero@guizzetti.org
"LONDON & PARTNERS INTERNATIONAL   ",Maharashtra,"Agriculture & allied",cs@skptricor.com
"ETA STAR HOLDINGS LIMITED   ",Maharashtra,"Agriculture & allied",noor@mincore.com
"HYUNDAI WELDING COMPANY LIMITED   ",Maharashtra,"Agriculture & allied",pcsramya@gmail.com
"NICE-BUSINESS SOLUTIONS FINLAND OY   ",Maharashtra,"Agriculture & allied",korde.kaustubh@gmail.com
"RENT-A-PORT NV   ",Maharashtra,"Agriculture & allied",neerav.gupta@rentaport.be
"SHENZHEN SHANDONG NUCLEAR POWER CONSTRUCTION CO. LTD.  ",Maharashtra,"Agriculture & allied",liu.yz@sepcnp.com.cn
"THE KEIHIN CO LTD   ",Maharashtra,"Agriculture & allied",kendo@eg.keihin.co.jp
"THYTOTH COMPANY LIMITED   ",Maharashtra,"Agriculture & allied",andoh@thytoth.com.jp
"ELECTROMAGNETIC GEOSERVICES AS   ",Maharashtra,"Agriculture & allied",aeimstad@emgs.com
"BRUKER OPTIK GMBH   ",Maharashtra,"Agriculture & allied",shreeram.oak@brukeroptics.de
"MARKEN LIMITED   ",Maharashtra,"Agriculture & allied",mail@cnj.in
"CINCINNATI EXTRUSION GMBH   ",Maharashtra,"Agriculture & allied",shah.d@cet-austria.com
"AXENS   ",Maharashtra,"Agriculture & allied",philippe.bergault@heurtey.in
"HYDRANAUTICS   ",Maharashtra,"Agriculture & allied",ravindra.yeleswarapu@nitto.com
"SINORECO RESOURCES LIMITED   ",Maharashtra,"Agriculture & allied",india@sinoreco.com
"UNITED OVERSEAS BANK LIMITED   ",Maharashtra,"Agriculture & allied",girish.khushalani@uobgroup.com
"TOURISM AUSTRALIA   ",Maharashtra,"Agriculture & allied",legal@mumbai.kochhar.com
"ENERTEC CO. LTD.   ",Maharashtra,"Agriculture & allied",hineshdoshi@gmail.com
"DNB BANK ASA   ",Maharashtra,"Agriculture & allied",derick.dias@dnbnor.no
"ASIA CAPITAL REINSURANCE GROUP PTE LTD   ",Maharashtra,"Agriculture & allied",cs@skptricor.com
"MEGA INTERNATIONAL COMMERCIAL BANK CO LTD  ",Maharashtra,"Agriculture & allied",rogerhsu555@gmail.com
"GLOBAL LEADERSHIP SOLUTIONS (GLS) PARTNERS INC  ",Maharashtra,"Agriculture & allied",hgogte@glspartners.com
"ANGLO-EASTERN TANKER MANAGEMENT (HONGKONG) LIMITED  ",Maharashtra,"Agriculture & allied",ae.corporate@angloeastern.com
"LEM MANAGEMENT SERVICES SARL   ",Maharashtra,"Agriculture & allied",saritapuri.mlp@gmail.com
"STANDARD LIFE EMPLOYEE SERVICES LIMITED   ",Maharashtra,"Agriculture & allied",mcanewco@gmail.com
"ERWIN JUNKER MASCHINENFABRIK GMBH   ",Maharashtra,"Agriculture & allied",cs@skparekh.com
"NAVIG 8 SHIPMANAGEMENT PTE LIMITED   ",Maharashtra,"Agriculture & allied",ajit@navig8shipmanagement.com
"LAMOR CORPORATION LTD   ",Maharashtra,"Agriculture & allied",
"TRITON HOLDING LIMITED   ",Maharashtra,"Agriculture & allied",info@nangia.com
"WEATHERFORD DRILLING INTERNATIONAL (BVI) LTD.  ",Maharashtra,"Agriculture & allied",info@nangia.com
"UNIVERSITY OF ARTS LONDON VENTURES LIMITED  ",Maharashtra,"Agriculture & allied",cs@skparekh.com
"PIERRE FABRE MEDICAMENT   ",Maharashtra,"Agriculture & allied",pierre.behnam@pierre-fabre.com
"WELLTEC AS   ",Maharashtra,"Agriculture & allied",jvinge@welltec.com
"SYMBIOSYS SOLUTIONS INC.   ",Maharashtra,"Agriculture & allied",jd@xanadu.co.in
"SWIBER OFFSHORE MARINE PTE LTD   ",Maharashtra,"Agriculture & allied",nitish.gupta@swiber.com
"NICOLAS COREA SA   ",Maharashtra,"Agriculture & allied",p.alekar@correaanayak.es
"GENOA MARITIME LIMITED   ",Maharashtra,"Agriculture & allied",gmm@genoa-maritime.com
"AGR ASIA PACIFIC PTY LIMITED   ",Maharashtra,"Agriculture & allied",INFO@NANGIA.COM
"NOVACEL S A   ",Maharashtra,"Agriculture & allied",dkeshary@chargeurs-protective.com
"INFORMATION TOOLS SOUTH ASIA CO. LIMITED   ",Maharashtra,"Agriculture & allied",mi@somra.net
"KUWAIT RECONSTRUCTION HOUSE FOR TRADING& CONTRACTING COMPANY (W.L.L)  ",Maharashtra,"Agriculture & allied",NAJAM@KRHKW.COM
"THE RAILWAY CHILDREN   ",Maharashtra,"Agriculture & allied",Navin@railwaychildren.org.uk
"STACO CO LTD   ",Maharashtra,"Agriculture & allied",bharatkokal@gmail.com
"MATERION BRUSH SINGAPORE PTE. LTD.   ",Maharashtra,"Agriculture & allied",deedh@indiatimes.com
"INTERNATIONAL BUSINESS WALES LIMITED   ",Maharashtra,"Agriculture & allied",asiya.ashraff@wales-uk.com
"EUKOR CAR CARRIERS INC   ",Maharashtra,"Agriculture & allied",atulk.srivastav@eukor.com
"LLOYD'S REGISTER QUALITY ASSURANCE LIMITED  ",Maharashtra,"Agriculture & allied",mumbai-admin@lr.org
"TORRECID SA   ",Maharashtra,"Agriculture & allied",jcosta@torrecid.com
"KETTENWULF BETRIEBS GMBH   ",Maharashtra,"Agriculture & allied",rahul.shah@kettenwulf.com
"UNITED PARCEL SERVICE CO.   ",Maharashtra,"Agriculture & allied",rpavrey@vsnl.com
"POWERGEN INFRASTRUCTURE (L.L.C)   ",Maharashtra,"Agriculture & allied",powergeninfra@gmail.com
"thyssenkrupp Materials Services GmbH   ",Maharashtra,"Agriculture & allied",tbs.rao@thyssenkrupp.com
"SINGAPORE TOURISM BOARD   ",Maharashtra,"Agriculture & allied",cs1@vvkale.com
"NJS CONSULTANTS COMPANY LIMITED   ",Maharashtra,"Agriculture & allied",shuchi.chug@asa.in
"HALLIBURTON ENERGY SERVICES INC.   ",Maharashtra,"Agriculture & allied",info@Nangia.com
"KFW IPEX-BANK GMBH   ",Maharashtra,"Agriculture & allied",office.mumbai@kfw.de
"TESCO SINGAPORE PTE LTD   ",Maharashtra,"Agriculture & allied",shweta.bharti@hammurabisolomon.com
"MOLITEC STEEL COMPANY LIMITED   ",Maharashtra,"Agriculture & allied",kpratik@bom3.vsnl.net.in
"YOUNG SAMUEL CHAMBERS LIMITED   ",Maharashtra,"Agriculture & allied",sangitapoojara@gmail.com
"GREENLAND (AMERICA) INC.   ",Maharashtra,"Agriculture & allied",jha@greenlandamerica.com
"BEAMEX OY AB   ",Maharashtra,"Agriculture & allied",juha.salimaki@beamex.com
"RELIANT MEDICAL SERVICES INC.   ",Maharashtra,"Agriculture & allied",sarbajitm@reliantmed.com
"HONG KONG DRAGON AIRLINES LIMITED   ",Maharashtra,"Agriculture & allied",bomsgd@cathaypacific.com
"KRISTL SEIBT & CO GMBH   ",Maharashtra,"Agriculture & allied",office@chandakcs.com
"VERMEER INDIA B.V.   ",Maharashtra,"Agriculture & allied",vermeer.india@gmail.com
"MOTT MACDONALD LIMITED   ",Maharashtra,"Agriculture & allied",stephen.parsons@mottmac.com
"NATIONAL IRANIAN OIL COMPANY   ",Maharashtra,"Agriculture & allied",cs@bdjokhakar.com
"RRB GROUP PRIVATE CO. LTD   ",Maharashtra,"Agriculture & allied",rajan@lebua.com
"BENOY LIMITED   ",Maharashtra,"Agriculture & allied",newark@benoy.com
"VIOLAR S. A. COTTON AND CEREALS INDUSTRY   ",Maharashtra,"Agriculture & allied",alok@pdst.in
"JULIUS BLUM GMBH   ",Maharashtra,"Agriculture & allied",enm@vsnl.com
"SIMPAC INCORPORATION   ",Maharashtra,"Agriculture & allied",sec@vrushaliassociates.com
"INTREPID CONTROL SYSTEM INC.   ",Maharashtra,"Agriculture & allied",bhagwat.samir@gmail.com
"WUNSCHE INTERNATIONAL (HONG KONG) LIMITED  ",Maharashtra,"Agriculture & allied",sudha.bhushan@roedl.com
"NAVRAS RECORDS LIMITED   ",Maharashtra,"Agriculture & allied",navras@bom8.vsnl.net.in
"UVEX ARBEITSSCHUTZ GMBH   ",Maharashtra,"Agriculture & allied",sudha.bhushan@roedl.com
"REVOGENEX INC.   ",Maharashtra,"Agriculture & allied",Rahul@rgd.firm.in
"GALADARI ENGINEERING WORKS LTD CO   ",Maharashtra,"Agriculture & allied",hemali_cs@rediffmail.com
"A+S CONSULT GMBH FUE   ",Maharashtra,"Agriculture & allied",office@chandakcs.com
"OPENTABLE INC   ",Maharashtra,"Agriculture & allied",asaxena@opentable.com
"ST. PIRAN'S SCHOOL (GB) LTD.   ",Maharashtra,"Agriculture & allied",rohinton.lsc@gmail.com
"ZOETIS BELGIUM   ",Maharashtra,"Agriculture & allied",resha.kantak@pfizer.com
"TETRA TECHNOLOGIES INC.   ",Maharashtra,"Agriculture & allied",anandgupta@gumprodf.com
"THE TORONTO-DOMINION BANK   ",Maharashtra,"Agriculture & allied",shilpa.sadh@td.com
"DILLINGER MIDDLE EAST FZE   ",Maharashtra,"Agriculture & allied",ranjit.menon@dme.dillinger.biz
"DRIL-QUIP ASIA PACIFIC PTE LTD   ",Maharashtra,"Agriculture & allied",cs@skparekh.com
"RUTLEDGE OMNI SERVICES PTE LTD   ",Maharashtra,"Agriculture & allied",peter.lee@rutledgeservices.com
"CHASE RESOURCE MANAGEMENT PTE LTD   ",Maharashtra,"Agriculture & allied",navin@chaseresource.com
"Vitec Imaging Solutions SPA   ",Maharashtra,"Agriculture & allied",communicationgeneral@gmail.com
"INTERTEK USA INC.   ",Maharashtra,"Agriculture & allied",Anagha.Mahajan@intertek.com
"BIORASI LLC   ",Maharashtra,"Agriculture & allied",sbidani@biorasi.com
"NETEZZA CORPORATION   ",Maharashtra,"Agriculture & allied",mike@usa2europe.com
"AKER SOLUTIONS INDIA SDN.BHD   ",Maharashtra,"Agriculture & allied",suresh.pachipulusu@akersolutions.com
"DEEPWATER PACIFIC 1 INC.   ",Maharashtra,"Agriculture & allied",info@nangia.com
"METHYL CO. LTD   ",Maharashtra,"Agriculture & allied",bharatkokal@gmail.com
"CONCERN AVRORA SCIENTIFIC AND PRODUCTION ASSOCIATION JOINT STOCK COMPANY  ",Maharashtra,"Agriculture & allied",avrora_mumbai@mail.ru
"S.E.L.I. SOCIETA ESECUZIONE LAVORI IDRAULICI S.P.A.  ",Maharashtra,"Agriculture & allied",e.fogli@selitunnel.com
"TCI GLOBAL SERVICES INC   ",Maharashtra,"Agriculture & allied",SSAMANT@travelers.com
"DUVALCO VALVES & FITTINGS PTE. LTD.   ",Maharashtra,"Agriculture & allied",amol@duvalco.net
"H.ALBERT GMBH   ",Maharashtra,"Agriculture & allied",info@hineshdoshi.com
"HYGRAPHA GMBH AND CO.KG.   ",Maharashtra,"Agriculture & allied",info@hineshdoshi.com
"DIAGAST   ",Maharashtra,"Agriculture & allied",kapilandkapil@rediffmail.com
"AXIOS INTERNATIONAL CONSULTANTS LIMITED   ",Maharashtra,"Agriculture & allied",axios@axiosint.com
"NECOTRANS AATA   ",Maharashtra,"Agriculture & allied",f.petit@necotrans-aata.com
"PELL FRISCHMANN CONSULTANTS LIMITED   ",Maharashtra,"Agriculture & allied",pfmumbai@fpindia.com
"BECHTEL FRANCE SAS   ",Maharashtra,"Agriculture & allied",asnaraya@bechtel.com
"WILSON MOHR INC.   ",Maharashtra,"Agriculture & allied",awateyogesh@yahoo.com
"GLOBAL IT NETWORKS LIMITED   ",Maharashtra,"Agriculture & allied",umesh@globalitnetworks.in
"FORMICA HOLDINGS LIMITED   ",Maharashtra,"Agriculture & allied",s_g_badri@yahoo.com
"AREP VILLE   ",Maharashtra,"Agriculture & allied",eric.dussiot@arep.fr
"GEOLOGIX LIMITED   ",Maharashtra,"Agriculture & allied",COMPANYLAWWORK@GMAIL.COM
"SBM BANK (MAURITIUS) LTD   ",Maharashtra,"Agriculture & allied",finance.sbminidia@sbmbank.co.in
"VICTREX MANUFACTURING LIMITED   ",Maharashtra,"Agriculture & allied",enm@vsnl.com
"CREDIT SUISSE AG   ",Maharashtra,"Agriculture & allied",LIST.CORPSEC-CSBANKBRANCHMUMBAI@CREDIT-SUISSE.COM
"FUGRO AIRBORNE SURVEYS CORP.   ",Maharashtra,"Agriculture & allied",howard.davies@fugro-fsi.com
"SONNAX INDUSTRIES INC.   ",Maharashtra,"Agriculture & allied",HKK@SONNAX.COM
"PLIVA HRVATSKA D.O.O.   ",Maharashtra,"Agriculture & allied",Umesh.Gavali@teva.co.in
"VANTAGE INTERNATIONAL MANAGEMENT COMPANY   ",Maharashtra,"Agriculture & allied",Chandar.Narayan@vantagedrilling.com
"QATAR AIRWAYS   ",Maharashtra,"Agriculture & allied",miadias@in.qatarairways.com
"SWIBER OFFSHORE CONSTRUCTION PTE LIMITED   ",Maharashtra,"Agriculture & allied",nitish.gupta@swiber.com
"FIRST GULF BANK   ",Maharashtra,"Agriculture & allied",hema.kapoor@fgb.ae
"KITZ CORPORATION   ",Maharashtra,"Agriculture & allied",spalag@kitzindia.com
"SUD-CHEMIE INC   ",Maharashtra,"Agriculture & allied",reachyash2003@yahoo.co.in
"SHELL GLOBAL SOLUTIONS INTERNATIONAL B.V.  ",Maharashtra,"Agriculture & allied",Vinodh.Nagarajan@shell.com
"AUSTRALIA AND NEW ZEALAND BANKING GROUPLIMITED  ",Maharashtra,"Agriculture & allied",vinit.sarawgi@anz.com
"SELECTCHEMIE AG   ",Maharashtra,"Agriculture & allied",ajay@selectchemie-india.com
"ADMINISTRATIVE CLAIM SERVICE INC   ",Maharashtra,"Agriculture & allied",mdaniell@acsacc.com
"LINDNER DEPA INTERIORS LLC   ",Maharashtra,"Agriculture & allied",admin.ind@depa.com
"CIMB BANK BERHAD   ",Maharashtra,"Agriculture & allied",vaishali.jhaveri@cimb.com
"RINA SERVICES S.P.A.   ",Maharashtra,"Agriculture & allied",poorathan.rajeevan@rina.org
"DONG - A ST CO. LTD.   ",Maharashtra,"Agriculture & allied",erickwak@donga.co.kr
"THE M.K. MORSE COMPANY   ",Maharashtra,"Agriculture & allied",nimit@rsva.co.in
"MORARA - DE.CI.MA S. P. A.   ",Maharashtra,"Agriculture & allied",r.bagni@morara.it
"E & E CO. LTD.   ",Maharashtra,"Agriculture & allied",disha.shah@jlahome.com
"COOPERATIEVE RABOBANK U.A.   ",Maharashtra,"Agriculture & allied",prakash.gupta@rabobank.com
"AIR ARABIA PJSC   ",Maharashtra,"Agriculture & allied",vraghavan@airarabia.com
"FUGRO-GEOTEAM PTY LTD   ",Maharashtra,"Agriculture & allied",sriram@krisipl.com
"THE MANUFACTURERS LIFE INSURANCE COMPANY   ",Maharashtra,"Agriculture & allied",mukul_gupta@manulife.com
"ILJIN UNISCO CO. LTD.   ",Maharashtra,"Agriculture & allied",hyunwoo.lee@iljin.co.kr
"CITYBOND HOLDINGS PLC   ",Maharashtra,"Agriculture & allied",pratik@sepl.net
"BW MARITIME PTE. LTD.   ",Maharashtra,"Agriculture & allied",mukesh.sharan@bwfm.com
"NATIONAL AUSTRALIA BANK LIMITED   ",Maharashtra,"Agriculture & allied",RAJEEV.BHARGAVA@NABASIA.COM
"INDUSTRIAL AND COMMERCIAL BANK OF CHINALIMITED  ",Maharashtra,"Agriculture & allied",zhengbin@india.icbc.com.cn
"MMI GROUP LTD   ",Maharashtra,"Agriculture & allied",rohit.wahi@firstrand.co.in
"WORLD WRESTLING ENTERTAINMENT (INTERNATIONAL) LIMITED  ",Maharashtra,"Agriculture & allied",rukn.kizilbash@wwecorp.com
"ZWIESEL KRISTALLGLAS AKTIENGESELLSCHAFT   ",Maharashtra,"Agriculture & allied",accounts@zwiesel-kristallglas.in
"BOUBORN OFFSHORE MMI DMCEST   ",Maharashtra,"Agriculture & allied",Mohammed.SYED@bourbon-online.com
"OPTO TECH OPTIK MASCHINEN GMBH   ",Maharashtra,"Agriculture & allied",india@optotech.de
"GIESSE S.p.A.   ",Maharashtra,"Agriculture & allied",sayed.anwar@giessegroup.com
"SUBSEA 7 SINGAPORE CONTRACTING PTE LTD   ",Maharashtra,"Agriculture & allied",paddy.tan@subsea7.com
"PROMART INTERNATIONAL CO LTD   ",Maharashtra,"Agriculture & allied",DISNY.J@DUTCHMILL.CO.TH
"NABORS DRILLING INTERNATIONAL LIMITED   ",Maharashtra,"Agriculture & allied",mahesh.londhe@nabors.com
"FPT INDUSTRIE S.P.A.   ",Maharashtra,"Agriculture & allied",zuber.shaikh.fpt@gmail.com
"SSP FITTINGS CORP.   ",Maharashtra,"Agriculture & allied",aashiesh@aim.com
"UNIONE DI BANCHE ITALIANE SOCIETA' PERAZIONI  ",Maharashtra,"Agriculture & allied",Rajeshree.Balsari@esterni.ubibanca.it
"KBC BANK N V   ",Maharashtra,"Agriculture & allied",sameer.chinchanikar@outlook.com
"RAIFFEISEN BANK INTERNATIONAL AG   ",Maharashtra,"Agriculture & allied",anupam.johri@in.rbinternational.com
"PEGASUS PETROCHEMICAL ASIA LIMITED   ",Maharashtra,"Agriculture & allied",prakash.kotak@skpgroup.com
"TECHNOFORM BAUTEC HOLDING GMBH   ",Maharashtra,"Agriculture & allied",india@technoform.ae
"ZURCHER KANTONALBANK   ",Maharashtra,"Agriculture & allied",zkbmumgp@zkbmum.com
"VITOL SINGAPORE PTE LTD   ",Maharashtra,"Agriculture & allied",SMS@VITOL.COM
"RUBYCON SINGAPORE PTE LTD   ",Maharashtra,"Agriculture & allied",chandramouli@rubycon.co.jp
"BANCO BILBAO VIZCAYA ARGENTARIA S.A.   ",Maharashtra,"Agriculture & allied",joiel.akilan@grupobbva.com
"SHINMAYWA (ASIA) PTE LTD   ",Maharashtra,"Agriculture & allied",manish@delite.in
"ROTO FRANK ASIA-PACIFIC PTE LTD   ",Maharashtra,"Agriculture & allied",sandhya.bhandary@roto-frank.com
"THE BANK OF NEW YORK MELLON   ",Maharashtra,"Agriculture & allied",sgcompliance@bnymellon.com
"PRECIOUS SHIPPING PUBLIC COMPANY LIMITED   ",Maharashtra,"Agriculture & allied",psl@preciousshipping.com
"TRIO MOTION TECHNOLOGY LIMITED   ",Maharashtra,"Agriculture & allied",uvanarase@trimotion.com
"MAX ASIA PTE LTD.   ",Maharashtra,"Agriculture & allied",girish.sanghavi@asa.in
"ESSAR EXPLORATION & PRODUCTION LIMITED   ",Maharashtra,"Agriculture & allied",amitabh.bhargava@essar.com
"AFP OPERATIONS AS   ",Maharashtra,"Agriculture & allied",subramani@aker-fp.com
"MOTT MACDONALD LIMITED   ",Maharashtra,"Agriculture & allied",rajesh.shah@mottmac.com
"SOCIEDAD PARA LA TRANSFORMACION COMPETITIVA - ERALDAKETA LEHIAKORRERAKO SOZIETATEA S.A. ",Maharashtra,"Agriculture & allied",spri.india@gmail.com
"ENRC MARKETING AG   ",Maharashtra,"Agriculture & allied",sanjay_pai@hotmail.com
"TKSCT CORPORATION   ",Maharashtra,"Agriculture & allied",jayesh@tksct.com
"MAMMOET (S) PTE LTD   ",Maharashtra,"Agriculture & allied",neelam.august@gmail.com
"SACE S.P.A.   ",Maharashtra,"Agriculture & allied",admin@asitmehtaassociates.com
"ERCO LIGHTING PTE. LTD.   ",Maharashtra,"Agriculture & allied",k.shetty@erco.com
"TRANSOCEAN RIG 140 LIMITED   ",Maharashtra,"Agriculture & allied",Sunil.Khare@deepwater.com
"SUTHERLAND MORTGAGE SERVICES INC.   ",Maharashtra,"Agriculture & allied",suresh.gupta@sutherlandglobal.com
"WESTPAC BANKING CORPORATION   ",Maharashtra,"Agriculture & allied",paritosh.pandit@westpac.com.au
"LANDESBANK BADEN - WURTTEMBERG   ",Maharashtra,"Agriculture & allied",mumbai@LBBW.de
"RASCHIG GMBH   ",Maharashtra,"Agriculture & allied",dharkarc9@gmail.com
"ALDHAEN CRAFT FACTORY   ",Maharashtra,"Agriculture & allied",hemrajchheda@gmail.com
"IRELAND BLYTH LIMITED   ",Maharashtra,"Agriculture & allied",bshah@rkabra.net
"BERTRAMS CHEMICAL PLANTS LIMITED   ",Maharashtra,"Agriculture & allied",bertrams@vsnl.com
"MALAYSIAN PALM OIL COUNCIL   ",Maharashtra,"Agriculture & allied",bhavna@mpoc.org.in
"ASYA KATILIM BANKASI ANONIM SIRKETI   ",Maharashtra,"Agriculture & allied",mustafa.gokay.kilic@bankasya.com.tr
"COOPERATIVA MURATORI CEMENTISTI DI RAVENNA  ",Maharashtra,"Agriculture & allied",paolo.porcelli@cmcra.com
"NOVODRILL LIMITED   ",Maharashtra,"Agriculture & allied",info@nangia.com
"ENVENTURE GLOBAL TECHNOLOGY INC   ",Maharashtra,"Agriculture & allied",admin@intaxassociates.com
"PADECO COMPANY. LIMITED   ",Maharashtra,"Agriculture & allied",mayurbatra_ca@mayurbatra.com
"RENT-A-PHONE COMMUNICATION SERVICES LIMITED  ",Maharashtra,"Agriculture & allied",davidm@rent-a-phone.co.il
"GRONTMIJ NEDERLAND B V   ",Maharashtra,"Agriculture & allied",shivanand.amarkhed@gmail.com
"TMP S.P.A. TERMOMECCANICA POMPE   ",Maharashtra,"Agriculture & allied",office@chandakcs.com
"INTTRA INTERNATIONAL INC.   ",Maharashtra,"Agriculture & allied",hitesh.trivedi@e2open.com
"WINTERMAR PT   ",Maharashtra,"Agriculture & allied",satya@vipro-tech.com
"AGRI CHEMICALS LTD   ",Maharashtra,"Agriculture & allied",kamal@agri-chemicals.net
"DICKSON SERVICES S.A.S.   ",Maharashtra,"Agriculture & allied",nisha@mdgindia.com
"KIRTANLAL INTERNATIONAL DMCC   ",Maharashtra,"Agriculture & allied",mumbai@kirtanlal.ae
"KOREAN AIRLINES CO. LTD.   ",Maharashtra,"Agriculture & allied",jkkim@koreanair.com
"APERAM STAINLESS SERVICES & SOLUTIONS INTERNATIONAL  ",Maharashtra,"Agriculture & allied",parwez.akhtar@aperam.com
"AMERICAN INTERNATIONAL RELOCATION SOLUTIONS LLC  ",Maharashtra,"Agriculture & allied",mgsayed@gmail.com
"BOTSWANA INVESTMENT & TRADE CENTRE   ",Maharashtra,"Agriculture & allied",mbegabolaweg@bitcin.co.in
"NFT SPECIALIZED IN TOWER CRANES L.L.C.   ",Maharashtra,"Agriculture & allied",ajay@ajaygarg.com
"TAIPEI WORLD TRADE CENTER   ",Maharashtra,"Agriculture & allied",rohanmehta_rma@yahoo.in
"MANTION S.A.S   ",Maharashtra,"Agriculture & allied",a.gala@mantion.com
"MUNGO BEFESTIGUNGSTECHNIK AG   ",Maharashtra,"Agriculture & allied",mungo@mungo.co.in
"SIGNET U.S. SERVICES INC.   ",Maharashtra,"Agriculture & allied",titus@titusindia.com
"SAMSUNG ELECTRONICS COMPANY LIMITED   ",Maharashtra,"Agriculture & allied",jiho.song@samsung.com
"SAMSUNG SDS CO. LTD.   ",Maharashtra,"Agriculture & allied",ch123.moon@samsung.com
"JFE SHOJI ELECTRONICS CORPORATION   ",Maharashtra,"Agriculture & allied",yoshinori-hiwatari@jfe-shoji-ele.co.jp
"ROTOMETRICS (SE ASIA) COMPANY LIMITED   ",Maharashtra,"Agriculture & allied",lakshminarayanan.p@rotometrics.com
"FRANKFURT SCHOOL OF FINANCE & MANAGEMENT GEMEINNUTZIGE GMBH  ",Maharashtra,"Agriculture & allied",anilsinghca@gmail.com
"HITACHI LTD.   ",Maharashtra,"Agriculture & allied",PUSHPA.HITACHI@GMAIL.COM
"RSA SECURITY B.V.   ",Maharashtra,"Agriculture & allied",Ajit.Aranha@emc.com
"LAWTER BVBA   ",Maharashtra,"Agriculture & allied",susanta.panigrahi@lawter.com
"MATRIX BHARAT PTE. LTD.   ",Maharashtra,"Agriculture & allied",vgjco@yahoo.in
"POSCO CO. LTD.   ",Maharashtra,"Agriculture & allied",gy_ahn@posco.com
"KLEMSAN ELEKTRIK ELEKTRONIK SANAYI VE TICARET ANONIM SIRKETI  ",Maharashtra,"Agriculture & allied",prasadtoke@klemsan.com.tr
"EVERTZ MICROSYSTEMS LIMITED   ",Maharashtra,"Agriculture & allied",executive@gokhaleassociates.com
"WORLD RESOURCES INSTITUTE INC.   ",Maharashtra,"Agriculture & allied",asivan@embarqindia.org
"SIEM OFFSHORE INC   ",Maharashtra,"Agriculture & allied",info@nangia.com
"SHELF DRILLING J.T. ANGEL LTD   ",Maharashtra,"Agriculture & allied",dltaxation.india@shelfdrilling.com
"SHELF DRILLING RON TAPPMEYER LTD   ",Maharashtra,"Agriculture & allied",dltaxation.india@shelfdrilling.com
"SHELF DRILLING TRIDENT XII LTD   ",Maharashtra,"Agriculture & allied",dltaxation.india@shelfdrilling.com
"KINGSTON TECHNOLOGY FAR EAST CORP.   ",Maharashtra,"Agriculture & allied",Dipti_Shah@kingston.com
"NATIXIS   ",Maharashtra,"Agriculture & allied",govindan.srinivasan@natixis.com
"KOREAN REGISTER OF SHIPPING   ",Maharashtra,"Agriculture & allied",ycpark@krs.co.kr
"ORION ENGINEERED CARBONS CO. LTD.   ",Maharashtra,"Agriculture & allied",kyung-soo.oh@orioncarbons.com
"SINGAPORE INTERNATIONAL ARBITRATION CENTRE  ",Maharashtra,"Agriculture & allied",cs@skptricor.com
"HAROLD BECK AND SONS INC   ",Maharashtra,"Agriculture & allied",rajaram@rmajgaonkar.com
"HABITAT FOR HUMANITY INTERNATIONAL INC.   ",Maharashtra,"Agriculture & allied",jencarnacion@habitat.org
"IMRES B. V.   ",Maharashtra,"Agriculture & allied",imresbviro@gmail.com
"ABU DHABI PORTS COMPANY   ",Maharashtra,"Agriculture & allied",lnvasa@yahoo.com
"OMNTEC MGF INC   ",Maharashtra,"Agriculture & allied",nirav@niravsukhadiaca.com
"Wartsila Voyage Limited   ",Maharashtra,"Agriculture & allied",Omprakash.Singh@transas.com
"MECCANICA PL. ERRE DI PEDERZOLI RUGGEROE C.S.R.L  ",Maharashtra,"Agriculture & allied",b.gupta@meccanicapierre.it
"METALMIN GLOBAL RESOURCES LIMITED   ",Maharashtra,"Agriculture & allied",minmetindia@gmail.com
"L'AGENCIA DE SUPPORT A L ' EMPRESA CATALANA (ACC 10')  ",Maharashtra,"Agriculture & allied",cs1@vvkale.com
"VICWEST INC.   ",Maharashtra,"Agriculture & allied",westeelmum@gmail.com
"SHELF DRILLING OFFSHORE RESOURCES LIMITED II  ",Maharashtra,"Agriculture & allied",dltaxation.india@shelfdrilling.com
"ETERNAL MATERIALS CO. LTD.   ",Maharashtra,"Agriculture & allied",director@eternalindia.co.in
"J.S.T. (UK) LTD   ",Maharashtra,"Agriculture & allied",RAKESHRRANE@YAHOO.CO.IN
"ALL NIPPON AIRWAYS CO. LTD.   ",Maharashtra,"Agriculture & allied",t.katagiri@ana.co.jp
"SINGAPORE EXCHANGE LIMITED (SGX)   ",Maharashtra,"Agriculture & allied",deepa.aggarwal@sgx.com
"UNIFOR SPA   ",Maharashtra,"Agriculture & allied",snair@unifor.it
"ZKL BEARINGS CZ   ",Maharashtra,"Agriculture & allied",jan.rott@zkl.cz
"JNK HEATERS CO. LTD.   ",Maharashtra,"Agriculture & allied",sandeep.bapat@jnkindia.com
"CSPC CENWAY (TIANJIN) PHARMACEUTICAL CO. LTD.  ",Maharashtra,"Agriculture & allied",preethin.cenway@gmail.com
"GLOBALSANTAFE DRILLING COMPANY   ",Maharashtra,"Agriculture & allied",Sunil.Khare@deepwater.com
"PAYPAL PTE LTD.   ",Maharashtra,"Agriculture & allied",Amit.Tambe@trilegal.com
"THE INTERNATIONAL ASSOCIATION OF LIONS CLUBS  ",Maharashtra,"Agriculture & allied",lions.india@lionsintl.org
"REINTJES MIDDLE EAST LLC   ",Maharashtra,"Agriculture & allied",arun.kumar@reintjesmiddleeast.com
"J. MORITA CORPORATION   ",Maharashtra,"Agriculture & allied",ghanshyam.dusija@morita.co.in
"SAFRAN TEST CELLS INC.   ",Maharashtra,"Agriculture & allied",renee.griep@cenco.us
"BANK OF TAIWAN   ",Maharashtra,"Agriculture & allied",082309@mail.bot.com.tw
"GEFCO   ",Maharashtra,"Agriculture & allied",olivier.tissier@gefco.net
"CASTLECRAFTS LIMITED   ",Maharashtra,"Agriculture & allied",Riddhi.ravariya@dewhirst.com
"RBRG Trading (UK) Limited   ",Maharashtra,"Agriculture & allied",pshah@gerald.com
"PROTRADE APPLIED MATERIALS CORP   ",Maharashtra,"Agriculture & allied",dsinha@arl-global.com
"NatWest Markets Plc   ",Maharashtra,"Agriculture & allied",rakesh.sheth@rbs.com
"ETIHAD AIRWAYS   ",Maharashtra,"Agriculture & allied",rswalia@waliaco.com
"DULAM INTERNATIONAL LIMITED   ",Maharashtra,"Agriculture & allied",GMathew@Dulam.com
"Doha Bank QPSC   ",Maharashtra,"Agriculture & allied",mmathur@dohabank.co.in
"INVEST NORTHERN IRELAND   ",Maharashtra,"Agriculture & allied",hdharamshi@gmail.com
"SMCore Inc   ",Maharashtra,"Agriculture & allied",subhash242@rediffmail.com
"CHARLES TENNANT & COMPANY (CANADA) LIMITED  ",Maharashtra,"Agriculture & allied",falgunihz@gmail.com
"SHELF DRILLING C.E. THORNTON LTD   ",Maharashtra,"Agriculture & allied",dltaxation.india@shelfdrilling.com
"SHELF DRILLING F.G.MCCLINTOCK LTD   ",Maharashtra,"Agriculture & allied",dltaxation.india@shelfdrilling.com
"NOVINDUSTRA AG   ",Maharashtra,"Agriculture & allied",novindustraindia@gmail.com
"SUTHERLAND MORTGAGE SERVICES INC.   ",Maharashtra,"Agriculture & allied",Suresh.Gupta@sutherlandglobal.com
"MHA ZENTGRAF GMBH & CO. KG   ",Maharashtra,"Agriculture & allied",dhrub.t@mv-india.com
"GOLD BRIDGE ENGINEERING & CONSTRUCTION BERHAD  ",Maharashtra,"Agriculture & allied",hemrajchheda@gmail.com
"Hitachi Rail STS S.P.A   ",Maharashtra,"Agriculture & allied",manoj.krishnappa@hitachirail.com
"STM INDUSTRIES INC.   ",Maharashtra,"Agriculture & allied",himanshu.srivastava@cci.in
"MERCADONA S.A   ",Maharashtra,"Agriculture & allied",avivesga@mercadona.es
"BETON TOOL COMPANY SRL   ",Maharashtra,"Agriculture & allied",rajeshbonde@betontool.com
"TIME MODULE (HONG KONG) LIMITED   ",Maharashtra,"Agriculture & allied",akshay_tmsiiproducts@yahoo.com
"UNICREDIT S.P.A   ",Maharashtra,"Agriculture & allied",unicredit@mtnl.net.in
"DIJET INDUSTRIAL CO. LTD.   ",Maharashtra,"Agriculture & allied",india_office@dijet.co.jp
"RICHARDS INDUSTRIES INC.   ",Maharashtra,"Agriculture & allied",cpage@richardsind.com
"JFE ENGINEERING CORPORATION   ",Maharashtra,"Agriculture & allied",sandeep-pawar@mail.jfe-eng.com
"HIKMA PHARMACEUTICALS CO. LIMITED   ",Maharashtra,"Agriculture & allied",sjoshi@hikma.com
"RINA CONSULTING S.P.A.   ",Maharashtra,"Agriculture & allied",hanth@rina.org
"INSPIRATIONAL DEVELOPMENT GROUP LIMITED   ",Maharashtra,"Agriculture & allied",Riya.Arora@inspirationaldg.com
"CELPLAS INDUSTRIES NIGERIA LIMITED   ",Maharashtra,"Agriculture & allied",thermolineo@gmail.com
"Enterprise Singapore   ",Maharashtra,"Agriculture & allied",Aaron_ZHANG@enterprisesg.gov.sg
"KEMIA TAU S.R.L.   ",Maharashtra,"Agriculture & allied",indiakta@vsnl.com
"PADECO CO. LTD   ",Maharashtra,"Agriculture & allied",mayurbatra_ca@mayurbatra.com
"MARKDATA SISTEMAS DE INFORMACAO PARA MEDIA SA  ",Maharashtra,"Agriculture & allied",maneesh.upadhyay@dsklegal.com
"First Abu Dhabi Bank PJSC   ",Maharashtra,"Agriculture & allied",CEOIndiaNBAD@nbad.com
"CHINA INTERNATIONAL UNITED PETROLEUM & CHEMICALS CO. LTD  ",Maharashtra,"Agriculture & allied",chenxiao@unipec.com.cn
"AVIATION SPARES INTERNATIONAL LIMITED   ",Maharashtra,"Agriculture & allied",SKV1124@YAHOO.COM
"SCHLUMBERGER OILFIELD EASTERN LTD   ",Maharashtra,"Agriculture & allied",vmadaan@slb.com
"HOLTEC INTERNATIONAL   ",Maharashtra,"Agriculture & allied",nirajc@holtesia.com
"CEMWEEK LLC   ",Maharashtra,"Agriculture & allied",ps@cwgrp.com
"SAUDI ARABIAN AIRLINES   ",Maharashtra,"Agriculture & allied",svmgrindia@saudia.com
"AURORA SYSTEMS CONSULTING INC.   ",Maharashtra,"Agriculture & allied",info@aurorait.com
"M.A. FORD ASIA-PACIFIC LIMITED   ",Maharashtra,"Agriculture & allied",udatta@maford.com
"SELI OVERSEAS SPA   ",Maharashtra,"Agriculture & allied",esaki@selitunnelling.com
"BLACK & VEATCH CORPORATION   ",Maharashtra,"Agriculture & allied",AsarkarM@bv.com
"RECHI PRECISION COMPANY LIMITED   ",Maharashtra,"Agriculture & allied",jonashuang@rechi.com
"XL SOLUTIONS LLC   ",Maharashtra,"Agriculture & allied",lgoenka@xlsolutionsgroup.com
"HYDRAFORCE INDIA LLC   ",Maharashtra,"Agriculture & allied",daven@hydraforce.com
"THE CHINA NAVIGATION COMPANY PTE LIMITED   ",Maharashtra,"Agriculture & allied",nmenon@swire.co.in
"HOTEL RESERVATION SERVICE ROBERT RAGGE GMBH  ",Maharashtra,"Agriculture & allied",santosh.kumar@hrs.com
"EXPRO NORTH SEA LIMITED   ",Maharashtra,"Agriculture & allied",Girish.Moghe@exprogroup.com
"SR TECHNICS MANAGEMENT   ",Maharashtra,"Agriculture & allied",Mukesh.Gupta@srtechnics.com
"SWISS FOUNDATION FOR DEVELOPMENT CO-OPERATION (SWISSAID)  ",Maharashtra,"Agriculture & allied",kavita@swissaidindia.org
"COCKETT MARINE OIL DMCC   ",Maharashtra,"Agriculture & allied",N.Shah@cockett.com
"DEFENSE CONSEIL INTERNATIONAL SERVICES AND ASSISTANCE SAS  ",Maharashtra,"Agriculture & allied",francois.delarre@groupedci.com
"DIGITAL RISK MORTGAGE SERVICES LLC   ",Maharashtra,"Agriculture & allied",subramanian.narayan@mphasis.com
"PUNCH POWERTRAIN NV   ",Maharashtra,"Agriculture & allied",sanjeet.acharya@punchpowertrain.com
"SALALAH FREE ZONE COMPANY S.A.O.C   ",Maharashtra,"Agriculture & allied",silky@sfzco.com
"MALAYSIAN RUBBER EXPORT PROMOTION COUNCIL  ",Maharashtra,"Agriculture & allied",sshah@mrepc.com
"SUPERIOR ENERGY SERVICES HOLDINGS B. V.   ",Maharashtra,"Agriculture & allied",Sujay.Chandrahas@superiorenergy.com
"Deltatre Limited   ",Maharashtra,"Agriculture & allied",craig.harvey@deltatre.com
"TLV PTE LTD   ",Maharashtra,"Agriculture & allied",ken@tlv.com.sg
"MARINE ENGINEERING DIVING SERVICES FZC   ",Maharashtra,"Agriculture & allied",tassadvisors@gmail.com
"DIAMONDS VILLAGE DMCC   ",Maharashtra,"Agriculture & allied",ankurm23@yahoo.com
"ABENGOA AGUA S.A.   ",Maharashtra,"Agriculture & allied",subrahmanyamkv@abengoa.com
"PAYONEER INC.   ",Maharashtra,"Agriculture & allied",mgl@payoneer.com
"INTRAPHARM LABORATORIES LIMITED   ",Maharashtra,"Agriculture & allied",KrishnaS@intrapharmlabs.com
"Wunsche (Hong Kong) Limited   ",Maharashtra,"Agriculture & allied",choudhary.v@whiin.com
"FORESIGHT OFFSHORE DRILLING LIMITED S.A.   ",Maharashtra,"Agriculture & allied",operations.ind@hallworthy.com
"COLUMBUS MCKINNON ASIA PACIFIC LIMITED   ",Maharashtra,"Agriculture & allied",sathisha.VC@cmworks.com
"CHINA KUNLUN CONTRACTING AND ENGINEERINGCORPORATION  ",Maharashtra,"Agriculture & allied",kalvit.ck@cnpc.com.cn
"WOODFORD WOODWORKING MACHINERY & TOOLINGLIMITED  ",Maharashtra,"Agriculture & allied",RAJ.CHAUDHARY@LIVE.COM
"GULF AIR B.S.C. (c)   ",Maharashtra,"Agriculture & allied",jabir.ali@gulfair.com
"Busan Bank Co. Ltd.   ",Maharashtra,"Agriculture & allied",sixtysoldier@naver.com
"CITY OF YOKOHAMA   ",Maharashtra,"Agriculture & allied",info.yokohamacity@gmail.com
"EQUENTIA NATURAL RESOURCES PTE LTD   ",Maharashtra,"Agriculture & allied",accounts@enrsingapore.com
"ABAN ABRAHAM PTE LTD   ",Maharashtra,"Agriculture & allied",murugappankm@aban.com
"J Ray McDermott S.A   ",Maharashtra,"Agriculture & allied",ASen@mcdermott.com
"Bank of Montreal   ",Maharashtra,"Agriculture & allied",anuja.bandagale@bmo.com
"ADVANCED CHEMICALS FZC   ",Maharashtra,"Agriculture & allied",van.sarma@fedpetro.com
"ALMANSOORI PETROLEUM SERVICES LLC   ",Maharashtra,"Agriculture & allied",rshaikh@almansoori.biz
"CoreNet Global Inc   ",Maharashtra,"Agriculture & allied",rashmi.jokhakar@bdjokhakar.com
"WEATHERNEWS INC   ",Maharashtra,"Agriculture & allied",glo@wni.com
"TELF AG   ",Maharashtra,"Agriculture & allied",sanjay.pai@telf.ch
"TRIZAC PROCESS AUTOMATION & ENGG.CONT.LLC  ",Maharashtra,"Agriculture & allied",aparna.salvi@trizacautomation.com
"RAPISCAN SYSTEMS PTE. LTD.   ",Maharashtra,"Agriculture & allied",kolluri1503@gmail.com
"GPR Co. Pte. Ltd.   ",Maharashtra,"Agriculture & allied",manishkuvadia@gmail.com
"Swiss Reinsurance Company Limited   ",Maharashtra,"Agriculture & allied",satish_raju@swissre.com
"TECHNOLITE (SINGAPORE) PTE LTD   ",Maharashtra,"Agriculture & allied",caamitnagar@gmail.com
"Erickson Incorporated   ",Maharashtra,"Agriculture & allied",mberube@ericksoninc.com
"The National Shipping Company of SaudiArabia  ",Maharashtra,"Agriculture & allied",jiten@bahri.sa
"TECHTONE(HK)ENERGY TECHNOLOGY CO.LIMITED   ",Maharashtra,"Agriculture & allied",john.jiang@techtone.com.cn
"Munchener Ruckversicherungs-GesellschaftAktiengesellschaft  ",Maharashtra,"Agriculture & allied",HKotak@munichre.com
"SCOR SE   ",Maharashtra,"Agriculture & allied",IN@scor.com
"VISION ENGINEERING LIMITED   ",Maharashtra,"Agriculture & allied",ganesh.ramakrishnan@visioneng.co.in
"RGA Life Reinsurance Company of Canada   ",Maharashtra,"Agriculture & allied",scardoso@rgare.com
"Qatar National Bank (Q.P.S.C.)   ",Maharashtra,"Agriculture & allied",gaurav.gupta@qnb.com
"Hannover Ruck SE   ",Maharashtra,"Agriculture & allied",gln.sarma@hannover-re.com
"EMIRATES   ",Maharashtra,"Agriculture & allied",sam.gandhi@emirates.com
"Emirates NBD Bank (P.J.S.C)   ",Maharashtra,"Agriculture & allied",SharadA@EmiratesNBD.com
"UBS AG   ",Maharashtra,"Agriculture & allied",anukrti.sharma@ubs.com
"XL INSURANCE COMPANY SE   ",Maharashtra,"Agriculture & allied",Joseph.Augustine@axaxl.com
"PETROLINK INTERNATIONAL LIMITED   ",Maharashtra,"Agriculture & allied",accounts.india@petrolink.com
"Ni-Met Metals Inc.   ",Maharashtra,"Agriculture & allied",anil@ni-met.com
"EPSON HONG KONG LIMITED   ",Maharashtra,"Agriculture & allied",Riyaz.Shaikh@ehk.epson.com.hk
"EBRAHIM KHALIL KANOO BSC   ",Maharashtra,"Agriculture & allied",jawed.a@ekkanoo.com.bh
"Lloyd's   ",Maharashtra,"Agriculture & allied",lloyds.indiabranch@lloyds.com
"WIPRO INSURANCE SOLUTIONS LLC   ",Maharashtra,"Agriculture & allied",sanaulla.khan@wipro.com
"HOVIONE HOLDING LIMITED   ",Maharashtra,"Agriculture & allied",mgautam@hovione.com
"Wells Fargo Bank National Association   ",Maharashtra,"Agriculture & allied",atul.khadilkar@wellsfargo.com
"General Reinsurance AG   ",Maharashtra,"Agriculture & allied",venkatesh.chakravarty@genre.com
"ALLRIG MIDDLE EAST DMCC   ",Maharashtra,"Agriculture & allied",abanerjee@allriggroup.com
"ACCESS BANK PLC   ",Maharashtra,"Agriculture & allied",HEMA.KAPOOR@GMAIL.COM
"Unruly Media Pte. Limited   ",Maharashtra,"Agriculture & allied",apacmanagement@unrulygroup.com
"Credit Suisse Services AG   ",Maharashtra,"Agriculture & allied",LIST.CORPSEC-CSSERVICESINDIA@CREDIT-SUISSE.COM
"LOOMIS INTERNATIONAL CORPORATION AG   ",Maharashtra,"Agriculture & allied",piyush@dgaca.net
"SERVICOS DE PETROLEO CONSTELLATION SA   ",Maharashtra,"Agriculture & allied",india@qgogconstellation.com
"HEYER Medical AG   ",Maharashtra,"Agriculture & allied",tarun.manik@dezshira.com
"Inoue-Nissei Engineering Pte. Ltd.   ",Maharashtra,"Agriculture & allied",harinath.project@gmail.com
"OCWEN LOAN SERVICING LLC   ",Maharashtra,"Agriculture & allied",DurairajIndragiri.Rajkumar@ocwen.com
"KIMURA CHEMICAL PLANTS CO. LTD.   ",Maharashtra,"Agriculture & allied",mayurbatra_ca@mayurbatra.com
"Halani International Ltd   ",Maharashtra,"Agriculture & allied",hilaccs@halaniinternational.com
"A and B Chemical Corporation   ",Maharashtra,"Agriculture & allied",christine_ong@aandb-chemical.com
"NATIONAL PETROLEUM CONSTRUCTION COMPANY   ",Maharashtra,"Agriculture & allied",pillainpcc@airtelmail.in
"UNIVERSAL DREDGING AND RECLAMATIONCORPORATION LIMITED  ",Maharashtra,"Agriculture & allied",ashwin.banymandhub@udrmu.com
"FORMOSA PLASTICS CORPORATION   ",Maharashtra,"Agriculture & allied",rocpritesh3776@gmail.com
"EUROPEM NV   ",Maharashtra,"Agriculture & allied",ATENDULKAR@EURO-PEM.COM
"CANYON OFFSHORE LIMITED   ",Maharashtra,"Agriculture & allied",cmcgregor@helixesg.com
"RADIAL DRILLING SERVICES INC   ",Maharashtra,"Agriculture & allied",manav.kanwar@skoilfield.com
"Chartered Alternative Investment AnalystAssociation Inc  ",Maharashtra,"Agriculture & allied",cs@skptricor.com
"Golden Elite Technology (Shenzhen) Ltd.   ",Maharashtra,"Agriculture & allied",bhattrajshekhar@ecs.com.tw
"Harbin Electric International companylimited  ",Maharashtra,"Agriculture & allied",zhangxiaonan@china-hei.com
"MELROB GROUP HOLDINGS LIMITED   ",Maharashtra,"Agriculture & allied",rahul.chaudhari@melrob.com
"UNIVERSAL ENERGY RESOURCES INC   ",Maharashtra,"Agriculture & allied",prakash@equipin.com
"Terre des hommes Germany   ",Maharashtra,"Agriculture & allied",tdhindia07@gmail.com
"CHOSUN REFRACTORIES CO. LTD.   ",Maharashtra,"Agriculture & allied",dmchoi@chosunref.co.kr
"Minimax GmbH & Co. KG   ",Maharashtra,"Agriculture & allied",info@minimaxindia.co.in
"KREUZ SUBSEA PTE LTD   ",Maharashtra,"Agriculture & allied",olson.fernandes@kreuzsubsea.com
"PT GARUDA INDONESIA PERSERO TBK   ",Maharashtra,"Agriculture & allied",sampiriyanto@garuda-indonesia.com
"REPUBLIC CHEMICAL INDUSTRIES INC   ",Maharashtra,"Agriculture & allied",pioneer_india@pioneerph.com
"FRANK'S INTERNATIONAL MIDDLE EAST (BVI)LIMITED  ",Maharashtra,"Agriculture & allied",tkfj49@hotmail.com
"NewAge Products Inc.   ",Maharashtra,"Agriculture & allied",roshni@kdpaccountants.com
"PUBLIC JOINT STOCK COMPANY ''ALROSA''   ",Maharashtra,"Agriculture & allied",VIMADALALJB@ALROSA.RU
"DUBAI CHAMBER OF COMMERCE AND INDUSTRY   ",Maharashtra,"Agriculture & allied",customercare@dubaichamber.com
"OES EQUIPMENT LLC   ",Maharashtra,"Agriculture & allied",tassadvisors@gmail.com
"CODIFYD INC   ",Maharashtra,"Agriculture & allied",manish.manjreker@gmail.com
"ZIBO HUACHENG IMPORT & EXPORT COMPANYLIMITED  ",Maharashtra,"Agriculture & allied",liuwende2002@163.com
"THRU-TUBING SYSTEMS ASIA LTD.   ",Maharashtra,"Agriculture & allied",sagar.kale@tts-asia.com
"SCOOT TIGERAIR PTE LTD   ",Maharashtra,"Agriculture & allied",eehuaang@flyscoot.com
"CJ CHINA LIMITED   ",Maharashtra,"Agriculture & allied",paran.sarma@cj.net
"SORIN CORPORATION   ",Maharashtra,"Agriculture & allied",khs4989@koreazinc.co.kr
"HANGZHOU COGENERATION (HONG KONG) CO.LIMITED  ",Maharashtra,"Agriculture & allied",mukul@ciec.com
"Chartered Market Technicians AssociationInc  ",Maharashtra,"Agriculture & allied",cs@skptricor.com
"SEADRILL TELESTO LTD.   ",Maharashtra,"Agriculture & allied",tax.east@seadrill.com
"ZEECO INC.   ",Maharashtra,"Agriculture & allied",Virupaksh_Kalyani@zeeco.com
"NORWEGIAN SPECIAL MISSION AS   ",Maharashtra,"Agriculture & allied",priyad.kulkarni@nsm.aero
"TEST MAGUS LIMITED   ",Maharashtra,"Agriculture & allied",sreemanth@testmagus.com
"ALLIANZ GLOBAL CORPORATE & SPECIALTY SE   ",Maharashtra,"Agriculture & allied",CB.Murali@allianz.com
"Hill International Inc   ",Maharashtra,"Agriculture & allied",MumbaiProjectOffice@hillintl.com
"PT. OBM DRILCHEM   ",Maharashtra,"Agriculture & allied",sharad@petrocraft.com
"MILES TECHNOLOGIES INC.   ",Maharashtra,"Agriculture & allied",ppanjwani@businessbymiles.com
"SUBSEA 7 CHARTERING (UK) LIMITED   ",Maharashtra,"Agriculture & allied",Swaminathan.Ramamurthy@Subsea7.com
"Axess Offshore Pte. Ltd.   ",Maharashtra,"Agriculture & allied",emily.wong@axessgroup.com
"JSC RUSSIAN EXPORT CENTER   ",Maharashtra,"Agriculture & allied",vekilov@exportcenter.ru
"SAPURA OFFSHORE SDN BHD   ",Maharashtra,"Agriculture & allied",MANISH.PUROHIT@SAPURAENERGY.COM
"PIERRE FABRE DERMO COSMETIQUE S.A.S.   ",Maharashtra,"Agriculture & allied",nisha@mdgindia.com
"SAPURA FABRICATION SDN BHD   ",Maharashtra,"Agriculture & allied",MANISH.PUROHIT@SAPURAENERGY.COM
"AFLEX SHIPS EQUIPMENT PTE LTD   ",Maharashtra,"Agriculture & allied",sales1@aflex.ae
"Bank of China Limited   ",Maharashtra,"Agriculture & allied",lins@bankofchina.com
"CY Laser SRL   ",Maharashtra,"Agriculture & allied",v.krishna@octagona.com
"SEIKO INSTRUMENTS (H.K) LTD   ",Maharashtra,"Agriculture & allied",akshay_tmsiiproducts@yahoo.com
"MEKOROT DEVELOPMENT AND ENTERPRISELIMITED  ",Maharashtra,"Agriculture & allied",melad@MEKOROT.CO.IL
"WEATHERFORD DRILLING INTERNATIONALHOLDINGS (BVI) LIMITED  ",Maharashtra,"Agriculture & allied",deepak.kakade@weatherford.com
"Greiner Extrusion GmbH   ",Maharashtra,"Agriculture & allied",divyesh.shah@greinerextrusion.com
"Sumitomo Realty and Development Co. Ltd.   ",Maharashtra,"Agriculture & allied",endo.taiji@sumitomo-rd.co.jp
"KOREA LAND & HOUSING CORPORATION   ",Maharashtra,"Agriculture & allied",poonambhosale1604@gmail.com
"Ascend Performance Materials Inc.   ",Maharashtra,"Agriculture & allied",ascendhouston@ascendmaterials.com
"ADVENT ELECTRONICS GLOBAL PTE LTD.   ",Maharashtra,"Agriculture & allied",shrenik@adventelectronics.com
"K. Sakai & Co. Ltd.   ",Maharashtra,"Agriculture & allied",raji@ksakai.co.jp
"COECLERICI FAR EAST (PTE.) LTD   ",Maharashtra,"Agriculture & allied",mmodi@coeclerici.com
"Aoki Technical Laboratory Inc   ",Maharashtra,"Agriculture & allied",hchino@aokitechindia.com
"Oceaneering International GmbH   ",Maharashtra,"Agriculture & allied",pnayyar@oceaneering.com
"NATIONAL PETROLEUM CONSTRUCTION COMPANY   ",Maharashtra,"Agriculture & allied",pillainpcc@airtelmail.in
"BARTEC PTE LTD   ",Maharashtra,"Agriculture & allied",bartecindia@gmail.com
"SANNE Mauritius   ",Maharashtra,"Agriculture & allied",KHUSHBOO.CHOPRA@SANNEGROUP.COM
"Kimura Chemical Plants Co. Ltd.   ",Maharashtra,"Agriculture & allied",mayurbatra_ca@mayurbatra.com
"Kreuz Subsea Technologies Pte. Ltd.   ",Maharashtra,"Agriculture & allied",vijayan.cv@kreuzsubsea.com
"PISEC GROUP GmbH   ",Maharashtra,"Agriculture & allied",arunbhat63@gmail.com
"MSI PACIFIC INTERNATIONAL HOLDING CO LTD   ",Maharashtra,"Agriculture & allied",jutingchang@msi.com
"Kimura Chemical Plants Co. Ltd.   ",Maharashtra,"Agriculture & allied",mayurbatra_ca@mayurbatra.com
"Sejin Technical Industires Co. Limited   ",Maharashtra,"Agriculture & allied",atskorhr@gmail.com
"TGT Oilfield Services DMCC   ",Maharashtra,"Agriculture & allied",mayur.marathe@nameyaenergy.com
"Bank Pasargad   ",Maharashtra,"Agriculture & allied",agrahariprakash@bpin.in
"BOSKALIS OFFSHORE CONTRACTING B.V.   ",Maharashtra,"Agriculture & allied",india@boskalis.com
"Novomet Perm   ",Maharashtra,"Agriculture & allied",nsabirzyanova@novomet.ae
"Novomet FZE   ",Maharashtra,"Agriculture & allied",nsabirzyanova@novomet.ae
"EAPOWER PTE. LTD.   ",Maharashtra,"Agriculture & allied",gauravs@soopl.in
"QINGDAO JINYILEI BUILDING AND INSTALLINGENGINEER CO. LIMITED  ",Maharashtra,"Agriculture & allied",jinyileiindia@gmail.com
"THE WORLD ECONOMIC FORUM   ",Maharashtra,"Agriculture & allied",c4irindia@weforum.org
"Gulermak Agir Sanayi Insaat ve TaahhutA.S.  ",Maharashtra,"Agriculture & allied",furfuoglu@gulermak.com.tr
"The Travel Corporation (2011) Pte Ltd   ",Maharashtra,"Agriculture & allied",darshan.maheshwari@ttc.com
"UnionPay International Co. Ltd   ",Maharashtra,"Agriculture & allied",ashutoshagrawal@unionpayintl.com
"Global Offshore and Marine Pte Ltd   ",Maharashtra,"Agriculture & allied",kevin.lew@globalone.com.sg
"Ryoyo Trading Co. Ltd.   ",Maharashtra,"Agriculture & allied",fukai_h@ryoyotrading.co.jp
"QUADRANT TELEVENTURES LIMITED   ",Maharashtra,"Agriculture & allied",secretarial@infotelconnect.com
"ALKEM LABORATORIES LIMITED   ",Maharashtra,"Agriculture & allied",investors@alkem.com
"WHITE ORGANIC AGRO LIMITED   ",Maharashtra,"Agriculture & allied",info@whiteorganicagro.com
"USHER AGRO LIMITED   ",Maharashtra,"Agriculture & allied",cs.mumbai@usheragro.com
"NOHA MARKETING (INDIA) LIMITED   ",Maharashtra,"Agriculture & allied",
"MAHADHAN PI-GO FARMS LIMITED   ",Maharashtra,"Agriculture & allied",
"MUMBAI GARDEN LIMITED   ",Maharashtra,"Agriculture & allied",
"PRABHAT DAIRY LIMITED   ",Maharashtra,"Agriculture & allied",dipti.todkar@prabhatdairy.in
"THE RAVALGAON SUGAR FARM LIMITED   ",Maharashtra,"Agriculture & allied",neha.oza@ravalgaon.in
"KARMAYOGA AGRO LIMITED   ",Maharashtra,"Agriculture & allied",khandeparkarag@yahoo.co.in
"MURLI INDUSTRIES LIMITED CN   ",Maharashtra,"Agriculture & allied",complianceofficer@murliindustries.com
"NATH BIO-GENES (INDIA) LIMITED   ",Maharashtra,"Agriculture & allied",mail@khurana.co.in
"AGRI-TECH (INDIA) LIMITED   ",Maharashtra,"Agriculture & allied",mail@khurana.co.in
"ELEGANT FLORICULTURE & AGROTECH (INDIA)LIMITED  ",Maharashtra,"Agriculture & allied",elegantflora2012@gmail.com
"INTERNATIONAL WATERBASE LIMITED   ",Maharashtra,"Agriculture & allied",
"IITL PROJECTS LIMITED   ",Maharashtra,"Agriculture & allied",iitlprojects@iitlgroup.com
"RAI-TECH AGRO EXPORTS LIMITED   ",Maharashtra,"Agriculture & allied",
"SHALIMAR PRODUCTIONS LIMITED   ",Maharashtra,"Agriculture & allied",contact@shalimarpro.com
"PRIME TEA PLANTATION INDUSTRIES LTD.   ",Maharashtra,"Agriculture & allied",
"SMT. NIRMAL GOAT FARM LIMITED   ",Maharashtra,"Agriculture & allied",
"RAJESH SOLVEX LIMITED   ",Maharashtra,"Agriculture & allied",spjain1949@gmail.com
"VENKY'S (INDIA) LIMITED   ",Maharashtra,"Agriculture & allied",corp.sec@venkys.com
"MUKTA AGRICULTURE LIMITED   ",Maharashtra,"Agriculture & allied",mukta.agriculture@gmail.com
"NOUVEAU GLOBAL VENTURES LIMITED   ",Maharashtra,"Agriculture & allied",nouveauglobal@gmail.com
"SUPER LIVESTOCK AND MARKETING LIMITED   ",Maharashtra,"Agriculture & allied",
"SONAL ADHESIVES LIMITED   ",Maharashtra,"Agriculture & allied",info@sonal.co.in
"VISTAR AMAR LIMITED   ",Maharashtra,"Agriculture & allied",roc.shubhra@gmail.com
"DATIWARE MARITIME INFRA LIMITED   ",Maharashtra,"Agriculture & allied",cs.datiware@gmail.com
"DHENU BUILDCON INFRA LIMITED   ",Maharashtra,"Mining and quarrying",dhenubuildcon@gmail.com
"SVC RESOURCES LIMITED   ",Maharashtra,"Mining and quarrying",svcresourceslimited@gmail.com
"GARWARE POLYESTER LIMITED   ",Maharashtra,"Mining and quarrying",awaneesh.srivastava@garwarepoly.com
"DOLPHIN OFFSHORE ENTERPRISES (INDIA)LIMITED  ",Maharashtra,"Mining and quarrying",v.surendran@dolphinoffshore.com
"TRINITY TRADELINK LIMITED   ",Maharashtra,"Mining and quarrying",info@trinitytrade.in
"GOL OFFSHORE LIMITED   ",Maharashtra,"Mining and quarrying",varika_rastogi@goloffshore.com
"GARWARE MARINE INDUSTRIES LIMITED   ",Maharashtra,"Mining and quarrying",garware.marine@gmail.com
"TERRUZZI FERCALX INDIA LIMITED   ",Maharashtra,"Mining and quarrying",cs.vel@vulcanengineers.com
"ACROW INDIA LIMITED   ",Maharashtra,"Mining and quarrying",neha.oza@ravalgaon.in
"INDIAN BRIGHT STEEL CO LIMITED   ",Maharashtra,"Mining and quarrying",indianbrightsteel@gmail.com
"VEDANTA LIMITED   ",Maharashtra,"Mining and quarrying",comp.sect@vedanta.co.in
"ASI INDUSTRIES LIMITED   ",Maharashtra,"Mining and quarrying",cs@asigroup.co.in
"ASHAPURA MINECHEM LTD   ",Maharashtra,"Mining and quarrying",cosec@ashapura.com
"RAW EDGE INDUSTRIAL SOLUTIONS LIMITED   ",Maharashtra,"Mining and quarrying",compliance@rawedge.in
"GALAXY CLOUD KITCHENS LIMITED   ",Maharashtra,Manufacturing,investors@galaxycloudkitchens.in
"SVC INDUSTRIES LIMITED   ",Maharashtra,Manufacturing,svcindustriesltd@gmail.com
"RIVERDALE FOODS LIMITED   ",Maharashtra,Manufacturing,g_harian@yahoo.com
"VELOX INDUSTRIES LIMITED   ",Maharashtra,Manufacturing,veloxindustriesltd@gmail.com
"SNOWMAN LOGISTICS LIMITED   ",Maharashtra,Manufacturing,sundar@snowman.in
"CHOTHANI FOODS LIMITED   ",Maharashtra,Manufacturing,chothaniniraj@gmail.com
"INDO BIOTECH FOODS LIMITED   ",Maharashtra,Manufacturing,indobiotechfoodsltd@gmail.com
"PANDURANG AGRO PROCESSING LIMITED   ",Maharashtra,Manufacturing,
"HINDUSTAN FOODS LIMITED   ",Maharashtra,Manufacturing,investorrelations@thevanitycase.com
"HINDUSTAN UNILEVER LIMITED   ",Maharashtra,Manufacturing,comsec.hul@unilever.com
"IEL LIMITED   ",Maharashtra,Manufacturing,kavin@kddave.com
"FAIRCHEM SPECIALITY LIMITED   ",Maharashtra,Manufacturing,CS@FAIRCHEM.IN
"RUCHI SOYA INDUSTRIES LIMITED   ",Maharashtra,Manufacturing,info@ruchisoya.com
"MARICO LIMITED   ",Maharashtra,Manufacturing,investor@marico.com
"OLYMPIC OIL INDUSTRIES LIMITED   ",Maharashtra,Manufacturing,olympicoilltd@gmail.com
"SAGAR SOYA PRODUCTS LIMITED   ",Maharashtra,Manufacturing,compliance.ssp@gmail.com
"CIAN AGRO INDUSTRIES & INFRASTRUCTURELIMITED  ",Maharashtra,Manufacturing,info@cianindustries.com
"MALU PAPER MILLS LIMITED   ",Maharashtra,Manufacturing,contacts@malupaper.com
"RAJ OIL MILLS LIMITED   ",Maharashtra,Manufacturing,cs@rajoilmillsltd.com
"MANORAMA INDUSTRIES LIMITED   ",Maharashtra,Manufacturing,sunita@manoramagroup.co.in
"PRIME SOLVENT EXTRACTIONS LIMITED   ",Maharashtra,Manufacturing,psel@vsnl.com
"RASOYA PROTEINS LIMITED   ",Maharashtra,Manufacturing,anilgoel@aaainsolvency.com
"SAPTASHRINGI SOLVENT EXTRACTIONS LTD   ",Maharashtra,Manufacturing,deo.shripad50@gmail.com
"VADILAL DAIRY INTERNATIONAL LIMITED   ",Maharashtra,Manufacturing,Vadilaldairy1987@gmail.com
"NETVISTA VENTURE LIMITED   ",Maharashtra,Manufacturing,netvistaltd@gmail.com
"SWOJAS ENERGY FOODS LTD   ",Maharashtra,Manufacturing,swojasenergyfoodsltd@gmail.com
"POLSON LTD   ",Maharashtra,Manufacturing,mca1234@gmail.com
"PARAG MILK FOODS LIMITED   ",Maharashtra,Manufacturing,cs@paragmilkfoods.com
"LANYARD FOODS LIMITED   ",Maharashtra,Manufacturing,
"RISHABH DIGHA STEEL AND ALLIED PRODUCTSLIMITED  ",Maharashtra,Manufacturing,info@rishabhdighasteel.com
"POONA DAL AND OIL INDUSTRIES LIMITED   ",Maharashtra,Manufacturing,secretarial@pdbmgroup.com
"ARIHANT TOURNESOL LIMITED   ",Maharashtra,Manufacturing,info@arihanttournesol.com
"BALASHRI COMMERCIAL LIMITED   ",Maharashtra,Manufacturing,balashricommercial@gmail.com
"TRANSGLOBE FOODS LIMITED   ",Maharashtra,Manufacturing,transglobefoods@gmail.com
"HIMALCHULI FOOD PRODUCTS LIMITED   ",Maharashtra,Manufacturing,himalchulifoodproducts@gmail.com
"MONESHI AGRO INDUSTRIES LIMITED   ",Maharashtra,Manufacturing,mailstp75@yahoo.com
"GODREJ AGROVET LIMITED   ",Maharashtra,Manufacturing,vivek.raizada@godrejagrovet.com
"TASTY BITE EATABLES LTD   ",Maharashtra,Manufacturing,minal@tastybite.com
"LODHA SUGAR MANUFACTURING LIMITED   ",Maharashtra,Manufacturing,
"DEVARJAN LAXMI SUGARS LIMITED   ",Maharashtra,Manufacturing,
"TILAKNAGAR INDUSTRIES LIMITED   ",Maharashtra,Manufacturing,investor@tilind.com
"THE UGAR SUGAR WORKS LTD   ",Maharashtra,Manufacturing,bg.kulkarni@ugarsugar.com
"G M BREWERIES LIMITED   ",Maharashtra,Manufacturing,kutchhis@gmail.com
"NAKODA GROUP OF INDUSTRIES LIMITED   ",Maharashtra,Manufacturing,nakodas@nakodas.com
"KACHCHH MINERALS LIMITED   ",Maharashtra,Manufacturing,kachhmineral@yahoo.in
"CHORDIA FOOD PRODUCTS LIMITED   ",Maharashtra,Manufacturing,cs.cfpl@gmail.com
"SINNAR BIDI UDYOG LIMITED   ",Maharashtra,Manufacturing,investor@sinnarbidi.com
"GODFREY PHILLIPS INDIA LIMITED   ",Maharashtra,Manufacturing,skgupta-gpi@modi.com
"S K S TEXTILES LIMITED   ",Maharashtra,Manufacturing,pierricarlo@hotmail.com
"PHOENIX MILLS LIMITED   ",Maharashtra,Manufacturing,secretarial@marketcity.in
"SWAN ENERGY LIMITED   ",Maharashtra,Manufacturing,arun@swan.co.in
"NESCO LIMITED   ",Maharashtra,Manufacturing,companysecretary@nesco.in
"KAPIL COTEX LTD   ",Maharashtra,Manufacturing,kapilcotexlimited@yahoo.co.in
"ZODIAC CLOTHING COMPANY LIMITED   ",Maharashtra,Manufacturing,cosecy@zodiacmtc.com
"OMNITEX INDUSTRIES (INDIA) LIMITED   ",Maharashtra,Manufacturing,jrk@omnitex.com
"IKAB SECURITIES AND INVESTMENT LIMITED   ",Maharashtra,Manufacturing,info@ikabsecurities.com
"PRUDENT COTTON YARN LIMITED   ",Maharashtra,Manufacturing,
"HITESH TEXTILE MILLS LIMITED   ",Maharashtra,Manufacturing,
"SUBHASH SILK MILLS LIMITED   ",Maharashtra,Manufacturing,cs@subhashsilkmills.com
"STANDARD INDUSTRIES LIMITED   ",Maharashtra,Manufacturing,tanaz@stansec.in
"SIMPLEX REALTY LIMITED   ",Maharashtra,Manufacturing,company-secretary@simplex-group.com
"THE VICTORIA MILLS LIMITED   ",Maharashtra,Manufacturing,vicmill2013@gmail.com
"W H BRADY AND COMPANY LIMITED   ",Maharashtra,Manufacturing,cs@bradys.in
"FORBES & COMPANY LIMITED   ",Maharashtra,Manufacturing,pankaj.khattar@forbes.co.in
"BIRLA COTSYN (INDIA) LIMITED   ",Maharashtra,Manufacturing,complianceofficer@birlacotsyn.com
"RELIANCE INDUSTRIES LIMITED   ",Maharashtra,Manufacturing,savithri.parekh@ril.com
"RAMGOPAL POLYTEX LIMITED   ",Maharashtra,Manufacturing,rplcompliance@ramgopalpolytex.com
"BONANZA INDUSTRIES LIMITED   ",Maharashtra,Manufacturing,investor.relations@bonanzaindltd.com
"VALSON INDUSTRIES LIMITED   ",Maharashtra,Manufacturing,pritesh@valsonindia.com
"BINAYAK TEX PROCESSORS LTD   ",Maharashtra,Manufacturing,binayaktex@rediffmail.com
"GUPTA SYNTHETICS LIMITED   ",Maharashtra,Manufacturing,info@guptasynthetics.com
"KAJAL SYNTHETICS AND SILK MILLS LIMITED   ",Maharashtra,Manufacturing,kajalsyntheticsandsilk@gmail.com
"EFFINGO TEXTILE & TRADING LIMITED   ",Maharashtra,Manufacturing,effingotextile@gmail.com
"SHIVA SUITINGS LTD   ",Maharashtra,Manufacturing,investor@shivasuitings.com
"GRAVITY (INDIA) LIMITED   ",Maharashtra,Manufacturing,acctbillingdnh@gmail.com
"SHARAD FIBRES AND YARN PROCESSORSLIMITED  ",Maharashtra,Manufacturing,jyoti@dalmiapolypro.in
"LOVABLE LINGERIE LIMITED   ",Maharashtra,Manufacturing,corporate@lovableindia.in
"PANTHER INDUSTRIAL PRODUCTS LIMITED   ",Maharashtra,Manufacturing,piplin@indiatimes.com
"DAMODAR INDUSTRIES LIMITED   ",Maharashtra,Manufacturing,cs@damodargroup.com
"JATTASHANKAR INDUSTRIES LIMITED.   ",Maharashtra,Manufacturing,jattashankarind@yahoo.com
"HANJER FIBRES LTD   ",Maharashtra,Manufacturing,irfan13@hanjer.com
"AMIT INTERNATIONAL LIMITED   ",Maharashtra,Manufacturing,amitintl03@yahoo.com
"BHAGWATI COTTONS LIMITED   ",Maharashtra,Manufacturing,
"SATYAM SILK MILLS LIMITED   ",Maharashtra,Manufacturing,satyamsilkmill@gmail.com
"NIWAS SPINNING MILLS LIMITED   ",Maharashtra,Manufacturing,niwas_mill@rediffmail.com
"JAMSHRI REALTY LIMITED   ",Maharashtra,Manufacturing,jammill1907@gmail.com
"OXFORD INDUSTRIES LIMITED   ",Maharashtra,Manufacturing,oxford@giasbmoi.vsnl.net.in
"SANTOSH FINE FAB LIMITED   ",Maharashtra,Manufacturing,asharam@santoshgroup.in
"SIYARAM SILK MILLS LIMITED   ",Maharashtra,Manufacturing,william.fernandes@siyaram.com
"RAYMOND LIMITED   ",Maharashtra,Manufacturing,thomas.fernandes@raymond.in
"ABHINANDAN ENTERPRISES LIMITED   ",Maharashtra,Manufacturing,sunil.surve@wardengroup.com
"JMDE PACKAGING & REALTIES LIMITED   ",Maharashtra,Manufacturing,rosh.123@gmail.com
"KATARE SPINNING MILLS LIMITED   ",Maharashtra,Manufacturing,katarespinningmills@gmail.com
"PRANAVADITYA SPINNING MILLS LIMITED   ",Maharashtra,Manufacturing,works@pranavaditya.com
"PENINSULA LAND LIMITED   ",Maharashtra,Manufacturing,investor@peninsula.co.in
"THE BOMBAY DYEING AND MANUFACTURINGCOMPANY LIMITED  ",Maharashtra,Manufacturing,grievance_redressal_cell@bombaydyeing.com
"CENTURY TEXTILES AND INDUSTRIES LIMITED   ",Maharashtra,Manufacturing,amish.shah@birlacentury.com
"EMPIRE INDUSTRIES LIMITED   ",Maharashtra,Manufacturing,email@empiresecretarial.com
"THE RUBY MILLS LIMITED   ",Maharashtra,Manufacturing,info@rubymills.com
"RAJA BAHADUR INTERNATIONAL LIMITED   ",Maharashtra,Manufacturing,investor@rajabahadur.com
"MODERN INDIA LIMITED   ",Maharashtra,Manufacturing,info@modernindia.co.in
"NRC LIMITED   ",Maharashtra,Manufacturing,nrclimited@gmail.com
"GAEKWAR MILLS LIMITED   ",Maharashtra,Manufacturing,gaekwarmills1928@gmail.com
"NIRLON LIMITED   ",Maharashtra,Manufacturing,info@nirlonltd.com
"MODELLA WOOLLENS LIMITED   ",Maharashtra,Manufacturing,modellawoollens@gmail.com
"BLUE BLENDS (INDIA) LIMITED   ",Maharashtra,Manufacturing,BLUEBLENDS.HO@GMAIL.COM
"POLYGENTA TECHNOLOGIES LIMITED   ",Maharashtra,Manufacturing,companysecretary@polygenta.com
"EMTEX INDUSTRIES (INDIA) LIMITED   ",Maharashtra,Manufacturing,emtexindia@hotmail.com
"GB GLOBAL LIMITED   ",Maharashtra,Manufacturing,cs@gbglobal.in
"AYOKI MERCHANTILE LIMITED   ",Maharashtra,Manufacturing,ayokimerchantile@gmail.com
"JAI CORP LIMITED   ",Maharashtra,Manufacturing,cs@jaicorpindia.com
"LUMINAIRE TECHNOLOGIES LIMITED   ",Maharashtra,Manufacturing,jagranent.media@gmail.com
"EVERGREEN TEXTILES LIMITED   ",Maharashtra,Manufacturing,rmb@podarenterprise.com
"KAYTEE COTSYNTH INDUSTRIES LTD   ",Maharashtra,Manufacturing,ketiho@gmail.com
"JAIHIND SYNTHETICS LTD   ",Maharashtra,Manufacturing,jaihindltd@yahoo.com
"KAMADGIRI FASHION LIMITED   ",Maharashtra,Manufacturing,cs@kflindia.com
"TUNI TEXTILE MILLS LIMITED   ",Maharashtra,Manufacturing,info@tunitextiles.com
"HYTONE TEXSTYLES LIMITED   ",Maharashtra,Manufacturing,praful@hytonetextile.com
"SKY INDUSTRIES LIMITED   ",Maharashtra,Manufacturing,corporate@skycorp.in
"KISAN MOULDINGS LIMITED   ",Maharashtra,Manufacturing,cs.kisan@kisangroup.com
"BLACK ROSE INDUSTRIES LIMITED   ",Maharashtra,Manufacturing,cs@texbrex.com
"BOMBAY RAYON FASHIONS LIMITED   ",Maharashtra,Manufacturing,mail@bombayrayon.com
"DHANLAXMI FABRICS LIMITED   ",Maharashtra,Manufacturing,bhaviikadhanlaxmi@gmail.com
"ASAHI INDUSTRIES LIMITED   ",Maharashtra,Manufacturing,asahifibreslimited@gmail.com
"VATAN TEXTILES LIMITED   ",Maharashtra,Manufacturing,mail@khurana.co.in
"VOLANT TEXTILE MILLS LIMITED   ",Maharashtra,Manufacturing,d.dave@volant-textile.com
"MAZDA FABRIC PROCESSORS LIMITED   ",Maharashtra,Manufacturing,
"OXEMBERG FASHIONS LIMITED   ",Maharashtra,Manufacturing,oxemberg.apparels@gmail.com
"LAKHOTIA POLYESTERS (INDIA) LIMITED   ",Maharashtra,Manufacturing,info@lakhotiapoly.in
"BHALCHANDRAM CLOTHING LIMITED   ",Maharashtra,Manufacturing,investor@bhalchandram.com
"LAXMI COTSPIN LIMITED   ",Maharashtra,Manufacturing,complianceofficer@laxmicotspin.com
"HINDOOSTAN MILLS LIMITED   ",Maharashtra,Manufacturing,contact@hindoostan.com
"SPICE ISLAND APPARELS LIMITED   ",Maharashtra,Manufacturing,SALES@SPICEISLANDSINDIA.COM
"RRIL LIMITED   ",Maharashtra,Manufacturing,info.investors@srkindltd.co.in
